ID_Registro;Linha;Concessionaria;Tensao_kV;Classe_Tensao;Fonte_Dados;Data_Download
1;LT 230 kV Guilman-Amorim - Ipatinga 1, C1;CEMIG GT - CEMIG GERAÇÃO E TRANSMISSÃO S.A;230,0;230 kV;EPE — Base Existente;2026-10-07
2;LT 500 kV Nova Ponte - Estreito, C1;LTT - LT Triângulo S.A.;500,0;500 kV;EPE — Base Existente;2026-10-07
3;LT 230 kV UTE Global I - Global, C2;Não informado;230,0;230 kV;EPE — Base Existente;2026-10-07
4;LT 230 kV Igaporã II - Igaporã III, C1;CHESF - CHESF - Companhia Hidro Elétrica do São Francisco;230,0;230 kV;EPE — Base Existente;2026-10-07
5;LT 230 kV Mussuré II - Norfil, C1;TAESA - TRANSMISSORA ALIANÇA DE ENERGIA ELÉTRICA S A;230,0;230 kV;EPE — Base Existente;2026-10-07
6;LT 230 kV Aquiraz II - Banabuiú, C1;CHESF - CHESF - Companhia Hidro Elétrica do São Francisco;230,0;230 kV;EPE — Base Existente;2026-10-07
7;LT 500 kV UHE Jirau (Margem direita) - Coletora Porto Velho, C2;ENERGIA SUSTENTÁVEL - ENERGIA SUSTENTÁVEL DO BRASIL S.A;500,0;500 kV;EPE — Base Existente;2026-10-07
8;LT 500 kV Serra da Mesa - UHE Serra da Mesa, C1;FURNAS - Furnas Centrais Elétricas S.A.;500,0;500 kV;EPE — Base Existente;2026-10-07
9;LT 230 kV E4 - E6, C1;-;230,0;230 kV;EPE — Base Existente;2026-10-07
10;LT 230 kV UTE Goiânia II - Bandeirantes, C1;BRENTECH - Brentech Energia SA;230,0;230 kV;EPE — Base Existente;2026-10-07
11;LT 230 kV Carajás - Integradora, C3;ELETRONORTE - Centrais Elétricas do Norte do Brasil S/A;230,0;230 kV;EPE — Base Existente;2026-10-07
12;LT 230 kV Marangatu - Piripiri, C1;SITE - SERRA DE IBIAPABA TRANSMISSORA DE ENERGIA S A;230,0;230 kV;EPE — Base Existente;2026-10-07
13;LT 500 kV UHE Itaipu - Foz do Iguaçu, C4;ITAIPU - ITAIPU Binacional;500,0;500 kV;EPE — Base Existente;2026-10-07
14;LT 230 kV Foz do Chopim - Salto Osório (ESUL), C1;COPEL-GT - COPEL GERAÇÃO E TRANSMISSÃO S.A;230,0;230 kV;EPE — Base Existente;2026-10-07
15;LT 345 kV Itapeti - Tijuco Preto, C4;FURNAS - Furnas Centrais Elétricas S.A.;345,0;345 kV;EPE — Base Existente;2026-10-07
16;LT 230 kV Açu II - Miassaba 3, C1;BRASVENTOS MIASSABA - Brasventos Miassaba 3 Geradora de Energia SA;230,0;230 kV;EPE — Base Existente;2026-10-07
17;LT 230 kV Paulo Afonso III - UHE Paulo Afonso II, C3;Não informado;230,0;230 kV;EPE — Base Existente;2026-10-07
18;LT 230 kV Mesquita - Timóteo 2, C1;TIMOTEO MESQUITA - EMPRESA DE TRANSMISSAO TIMOTEO-MESQUITA S.A.;230,0;230 kV;EPE — Base Existente;2026-10-07
19;LT 230 kV Salto Osório - UHE Salto Osório, C6;ELETROSUL - ELETROSUL Centrais Elétricas S.A.;230,0;230 kV;EPE — Base Existente;2026-10-07
20;LT 230 kV Araripe III - Curral Novo do Piauí, C1;V SANTO AUGUSTO I - VENTOS DE SANTO AUGUSTO I ENERGIA RENOVÁVEIS S.A.;230,0;230 kV;EPE — Base Existente;2026-10-07
21;LT 230 kV Serra da Mesa - Niquelândia, C1;FURNAS - Furnas Centrais Elétricas S.A.;230,0;230 kV;EPE — Base Existente;2026-10-07
22;LT 230 kV Anastácio - Corumbá 2, C2;LTC - LINHA DE TRANSMISSÃO CORUMBÁ;230,0;230 kV;EPE — Base Existente;2026-10-07
23;LT 440 kV Capivara - Assis, C1;CTEEP - Companhia de Transmissão de Energia Elétrica Paulista;440,0;440 kV;EPE — Base Existente;2026-10-07
24;LT 440 kV Araraquara 2 - Araraquara CTP, C2;ARARAQUARA - ARARAQUARA TRANSMISSORA DE ENERGIA S.A;440,0;440 kV;EPE — Base Existente;2026-10-07
25;LT 230 kV UHE Campos Novos - UHE Campos Novos, C1;Não informado;230,0;230 kV;EPE — Base Existente;2026-10-07
26;LT 525 kV Areia - UHE Governador Bento Munhoz da Rocha Netto, C1;ELETROSUL - ELETROSUL Centrais Elétricas S.A.;525,0;525 kV;EPE — Base Existente;2026-10-07
27;LT 500 kV Miranda II - Paulino Neves, C1;OMEGA Energia e Implantação 1 SA.;500,0;500 kV;EPE — Base Existente;2026-10-07
28;LT 230 kV Macapá - Macapá III, C1;Não informado;230,0;230 kV;EPE — Base Existente;2026-10-07
29;LT 230 kV Altamira - Pimental, C1;NORTE ENERGIA SA - NORTE ENERGIA SA;230,0;230 kV;EPE — Base Existente;2026-10-07
30;LT 345 kV Barro Branco - Gerdau Ouro Branco, C1;MANTIQUEIRA TRANSMIS - MANTIQUEIRA TRANSMISSORA DE ENERGIA S.A.;345,0;345 kV;EPE — Base Existente;2026-10-07
31;LT 230 kV UHE Santo Antonio - Porto Velho, C2;SAESA - SANTO ANTONIO ENERGIA SA;230,0;230 kV;EPE — Base Existente;2026-10-07
32;LT 525 kV Guaíra - Sarandi, C1 (CD);IE IVAI - INTERLIGAÇÃO ELÉTRICA IVAÍ S.A.;525,0;525 kV;EPE — Base Existente;2026-10-07
33;LT 230 kV Governador Mangabeira - Sapeaçu, C2;CHESF - CHESF - Companhia Hidro Elétrica do São Francisco;230,0;230 kV;EPE — Base Existente;2026-10-07
34;LT 230 kV Cotegipe - Rio Doce Manganês, C1;CHESF - CHESF - Companhia Hidro Elétrica do São Francisco;230,0;230 kV;EPE — Base Existente;2026-10-07
35;LT 500 kV Neves 1 - Vespasiano 2, C1;CEMIG GT - CEMIG GERAÇÃO E TRANSMISSÃO S.A;500,0;500 kV;EPE — Base Existente;2026-10-07
36;LT 500 kV Bom Despacho 3 - São Gotardo 2, C2;LTT - LT Triângulo S.A.;500,0;500 kV;EPE — Base Existente;2026-10-07
37;LT 525 kV Ivaiporã - Ivaiporã (Furnas), C3;ELETROSUL - ELETROSUL Centrais Elétricas S.A.;525,0;525 kV;EPE — Base Existente;2026-10-07
38;LT 345 kV Lagos - Leopoldina 2, C1;Não informado;345,0;345 kV;EPE — Base Existente;2026-10-07
39;LT 500 kV UTE Maranhão IV - Parnaíba, C2;Não informado;500,0;500 kV;EPE — Base Existente;2026-10-07
40;LT 500 kV UHE Xingó - Xingó, C3;CHESF - CHESF - Companhia Hidro Elétrica do São Francisco;500,0;500 kV;EPE — Base Existente;2026-10-07
41;LT 230 kV Messias - Maceió, C1;CHESF - CHESF - Companhia Hidro Elétrica do São Francisco;230,0;230 kV;EPE — Base Existente;2026-10-07
42;LT 230 kV Nova Santa Rita - Porto Alegre 9, C1;TESB - TRANSMISSORA DE ENERGIA SUL BRASIL S.A.;230,0;230 kV;EPE — Base Existente;2026-10-07
43;LT 230 kV Paulo Afonso III - UHE Paulo Afonso I, C1;CHESF - CHESF - Companhia Hidro Elétrica do São Francisco;230,0;230 kV;EPE — Base Existente;2026-10-07
44;LT 230 kV Cabreúva - Edgard Souza, C5;CTEEP - Companhia de Transmissão de Energia Elétrica Paulista;230,0;230 kV;EPE — Base Existente;2026-10-07
45;LT 500 kV Luiz Gonzaga - Milagres, C1;CHESF - CHESF - Companhia Hidro Elétrica do São Francisco;500,0;500 kV;EPE — Base Existente;2026-10-07
46;LT 230 kV Termobahia - Jacaracanga, C2;PETROBRAS - Petroleo Brasileiro S.A;230,0;230 kV;EPE — Base Existente;2026-10-07
47;LT 230 kV Brumado II - Poções II, C1;AFLUENTE - AFLUENTE TRANSMISSÃO DE ENERGIA ELÉTRICA S.A.;230,0;230 kV;EPE — Base Existente;2026-10-07
48;LT 500 kV Serra da Mesa - UHE Serra da Mesa, C3;FURNAS - Furnas Centrais Elétricas S.A.;500,0;500 kV;EPE — Base Existente;2026-10-07
49;LT 440 kV Embu-Guaçu - Oeste, C1;CTEEP - Companhia de Transmissão de Energia Elétrica Paulista;440,0;440 kV;EPE — Base Existente;2026-10-07
50;LT 230 kV Campo Mourão - Salto Osório, C2;ELETROSUL - ELETROSUL Centrais Elétricas S.A.;230,0;230 kV;EPE — Base Existente;2026-10-07
51;LT 230 kV Delmiro Gouveia - Fortaleza II, C1;CHESF - CHESF - Companhia Hidro Elétrica do São Francisco;230,0;230 kV;EPE — Base Existente;2026-10-07
52;LT 230 kV Monte do Ronca - João Câmara III, C1;-;230,0;230 kV;EPE — Base Existente;2026-10-07
53;LT 230 kV Samuel - Ariquemes, C2;JTE - Jauru Transmissora de Energia S/A.;230,0;230 kV;EPE — Base Existente;2026-10-07
54;LT 230 kV Itaguaçu - UHE Eng. José Luiz Müller de Godoy Pereira (Foz do Rio Claro), C1;FOZ DO RIO CLARO - Foz do Rio Claro Energia S.A.;230,0;230 kV;EPE — Base Existente;2026-10-07
55;LT 345 kV Itapeti - Santo Ângelo, C2;CTEEP - Companhia de Transmissão de Energia Elétrica Paulista;345,0;345 kV;EPE — Base Existente;2026-10-07
56;LT 230 kV N2 - N3, C1;-;230,0;230 kV;EPE — Base Existente;2026-10-07
57;LT 500 kV Janaúba 3 - Serra das Almas II, C1;EQUATORIAL 4 - Equatorial Transmissora 4 SPE SA;500,0;500 kV;EPE — Base Existente;2026-10-07
58;LT 230 kV Jardim - Mosaic Fertilizantes, C1;CHESF - CHESF - Companhia Hidro Elétrica do São Francisco;230,0;230 kV;EPE — Base Existente;2026-10-07
59;LT 230 kV UHE Lajeado - Lajeado, C4;Não informado;230,0;230 kV;EPE — Base Existente;2026-10-07
60;LT 345 kV Itumbiara - Bandeirantes, C1;FURNAS - Furnas Centrais Elétricas S.A.;345,0;345 kV;EPE — Base Existente;2026-10-07
61;LT 500 kV Marimbondo 2 - Rio Verde Norte, C2;GTE - Guaraciaba Transmissora de Energia S A;500,0;500 kV;EPE — Base Existente;2026-10-07
62;LT 230 kV Gralha Azul - CISA, C1;-;230,0;230 kV;EPE — Base Existente;2026-10-07
63;LT 230 kV Maçambará - Maçambará 3, C1;TAESA - TRANSMISSORA ALIANÇA DE ENERGIA ELÉTRICA S A;230,0;230 kV;EPE — Base Existente;2026-10-07
64;LT 345 kV Pimenta - Sarzedo, C1;FURNAS - Furnas Centrais Elétricas S.A.;345,0;345 kV;EPE — Base Existente;2026-10-07
65;LT 230 kV Chapadão - Jataí, C1;TRANSENER RENOVAVEL - Transenergia Renovável S.A.;230,0;230 kV;EPE — Base Existente;2026-10-07
66;LT 500 kV Arinos 2 - Pirapora 2, C1;VEREDAS - VEREDAS TRANSMISSORA DE ELETRICIDADE S A;500,0;500 kV;EPE — Base Existente;2026-10-07
67;LT 500 kV Luziânia - Pirapora 2, C1;PTE - Paranaíba Transmissora de Energia S.A;500,0;500 kV;EPE — Base Existente;2026-10-07
68;LT 230 kV Altamira - Transamazônica, C2;EQUATORIAL 8 - EQUATORIAL TRANSMISSORA DE ENERGIA 8 SPE;230,0;230 kV;EPE — Base Existente;2026-10-07
69;LT 230 kV Povo Novo - Quinta, C1;TSBE - Transmissora Sul Brasileira de Energia S A;230,0;230 kV;EPE — Base Existente;2026-10-07
70;LT 230 kV Cidade Industrial - Charqueadas 3, C1;Não informado;230,0;230 kV;EPE — Base Existente;2026-10-07
71;LT 230 kV Alegrete 2 - Livramento 3, C1;SANTANA - SANT’ANA TRANSMISSORA DE ENERGIA ELÉTRICA S.A.;230,0;230 kV;EPE — Base Existente;2026-10-07
72;LT 230 kV Passo Real - Tapera 2, C1;CEEE GT - Companhia Estadual de Geração e Transmissão de Energia Elétrica;230,0;230 kV;EPE — Base Existente;2026-10-07
73;LT 230 kV Avaré Nova - Botucatu, C1;CTEEP - Companhia de Transmissão de Energia Elétrica Paulista;230,0;230 kV;EPE — Base Existente;2026-10-07
74;LT 500 kV Araraquara 2 - Araraquara FUR, C2;ARARAQUARA - ARARAQUARA TRANSMISSORA DE ENERGIA S.A;500,0;500 kV;EPE — Base Existente;2026-10-07
75;LT 230 kV Recife II - Mirueira, C2;CHESF - CHESF - Companhia Hidro Elétrica do São Francisco;230,0;230 kV;EPE — Base Existente;2026-10-07
76;LT 525 kV Garabi II - Santo Angelo, C1;CIEN - Companhia de Interconexão Energética;525,0;525 kV;EPE — Base Existente;2026-10-07
77;LT 230 kV Campo Bom - Gravataí 2, C2;CEEE GT - Companhia Estadual de Geração e Transmissão de Energia Elétrica;230,0;230 kV;EPE — Base Existente;2026-10-07
78;LT 230 kV Forquilhinha - Siderópolis 2, C1;EDP ALIANCA - EDP TRANSMISSAO ALIANCA SC S.A.;230,0;230 kV;EPE — Base Existente;2026-10-07
79;LT 230 kV Paulo Afonso III - Cícero Dantas, C2;CHESF - CHESF - Companhia Hidro Elétrica do São Francisco;230,0;230 kV;EPE — Base Existente;2026-10-07
80;LT 230 kV Goianinha - João Pessoa II, C1;CHESF - CHESF - Companhia Hidro Elétrica do São Francisco;230,0;230 kV;EPE — Base Existente;2026-10-07
81;LT 230 kV Ford - Continental, C1;Não informado;230,0;230 kV;EPE — Base Existente;2026-10-07
82;LT 230 kV Bom Jesus da Lapa II - Bom Jesus da Lapa, C1;TAESA - TRANSMISSORA ALIANÇA DE ENERGIA ELÉTRICA S A;230,0;230 kV;EPE — Base Existente;2026-10-07
83;LT 765 kV Foz do Iguaçu - Ivaiporã, C2;Furnas Centrais Elétricas S.A.;765,0;765 kV;EPE — Base Existente;2026-10-07
84;LT 525 kV Gravataí - Guaíba 3, C1;CHIMARRÃO - CHIMARRÃO TRANSMISSORA DE ENERGIA S.A.;525,0;525 kV;EPE — Base Existente;2026-10-07
85;LT 230 kV Monte Claro - Nova Prata 2, C1;ELETROSUL - ELETROSUL Centrais Elétricas S.A.;230,0;230 kV;EPE — Base Existente;2026-10-07
86;LT 500 kV Cuiabá - Ribeirãozinho, C2;CATXERE - CATXERE TRANSMISSORA DE ENERGIA S.A;500,0;500 kV;EPE — Base Existente;2026-10-07
87;LT 500 kV Adrianópolis - Terminal Rio, C1;FURNAS - Furnas Centrais Elétricas S.A.;500,0;500 kV;EPE — Base Existente;2026-10-07
88;LT 500 kV Morro Agudo - Ribeirão Preto, C1;RPTE - Ribeirão Preto Transmissora de Energia S/A.;500,0;500 kV;EPE — Base Existente;2026-10-07
89;LT 230 kV Mesquita - Porto Estrela, C1;CEMIG GT - CEMIG GERAÇÃO E TRANSMISSÃO S.A;230,0;230 kV;EPE — Base Existente;2026-10-07
90;LT 230 kV Aimorés - Mascarenhas, C2;CEMIG GT - CEMIG GERAÇÃO E TRANSMISSÃO S.A;230,0;230 kV;EPE — Base Existente;2026-10-07
91;LT 345 kV Atibaia II - Poços de Caldas, C1;FURNAS - Furnas Centrais Elétricas S.A.;345,0;345 kV;EPE — Base Existente;2026-10-07
92;LT 500 kV UHE Jirau (Margem direita) - UHE Jirau (Margem esquerda), C1;Não informado;500,0;500 kV;EPE — Base Existente;2026-10-07
93;LT 230 kV Campo Grande 2 - Rio Brilhante, C1;EKTT 12-A - EKTT 12-A SERVICOS DE TRANSMISSAO DE ENERGIA ELETRICA SPE S.A.;230,0;230 kV;EPE — Base Existente;2026-10-07
94;LT 230 kV Rio Verde - Barra do Peixe, C2;FURNAS - Furnas Centrais Elétricas S.A.;230,0;230 kV;EPE — Base Existente;2026-10-07
95;LT 230 kV Governador Valadares 6 - Governador Valadares 2, C2;EVRECY - EVRECY PARTICIPAÇÕES LTDA;230,0;230 kV;EPE — Base Existente;2026-10-07
96;LT 230 kV Jaíba - UFV Jaíba, C1;Não informado;230,0;230 kV;EPE — Base Existente;2026-10-07
97;LT 345 kV UHE Irapé - Irapé, C2;CEMIG GT - CEMIG GERAÇÃO E TRANSMISSÃO S.A;345,0;345 kV;EPE — Base Existente;2026-10-07
98;LT 500 kV Estreito - Fernão Dias, C2;CANTAREIRA TRANSMISS - CANTAREIRA TRANSMISSORA DE ENERGIA S.A.;500,0;500 kV;EPE — Base Existente;2026-10-07
99;LT 500 kV Cachoeira Paulista - Tijuco Preto, C1;FURNAS - Furnas Centrais Elétricas S.A.;500,0;500 kV;EPE — Base Existente;2026-10-07
100;LT 230 kV UTE Porto do Pecém I - Energia Pecém, C2;Não informado;230,0;230 kV;EPE — Base Existente;2026-10-07
101;LT 230 kV Alegrete 2 - Maçambará, C1;CEEE GT - Companhia Estadual de Geração e Transmissão de Energia Elétrica;230,0;230 kV;EPE — Base Existente;2026-10-07
102;LT 230 kV Candelária 2 - Nova Santa Rita, C1;CEEE GT - Companhia Estadual de Geração e Transmissão de Energia Elétrica;230,0;230 kV;EPE — Base Existente;2026-10-07
103;LT 500 kV Novo Horizonte - Sol do Sertão, C1;Não informado;500,0;500 kV;EPE — Base Existente;2026-10-07
104;LT 230 kV Nova Era 2 - Nova Era Silicon C1;-;230,0;230 kV;EPE — Base Existente;2026-10-07
105;LT 345 kV UHE Jaguara - Pimenta, C2;CEMIG GT - CEMIG GERAÇÃO E TRANSMISSÃO S.A;345,0;345 kV;EPE — Base Existente;2026-10-07
106;Ramal LT 230 kV Cotegipe - Matatu C1 - SE Pituaçu, C1;CHESF - CHESF - Companhia Hidro Elétrica do São Francisco;230,0;230 kV;EPE — Base Existente;2026-10-07
107;LT 230 kV Xavantes - Bandeirantes, C2;CELG - GT - CELG GERAÇÃO E TRANSMISSÃO S/A;230,0;230 kV;EPE — Base Existente;2026-10-07
108;LT 230 kV Tamboril II - Igaporã III, C1;ACÁCIA - CENTRAIS EOLICAS ACACIA S.A.;230,0;230 kV;EPE — Base Existente;2026-10-07
109;LT 230 kV Banabuiú - Alex, C1;CHESF - CHESF - Companhia Hidro Elétrica do São Francisco;230,0;230 kV;EPE — Base Existente;2026-10-07
110;LT 230 kV Boa Esperança - Teresina, C2;CHESF - CHESF - Companhia Hidro Elétrica do São Francisco;230,0;230 kV;EPE — Base Existente;2026-10-07
111;LT 230 kV Imperatriz - Porto Franco, C2;Mata Grande Transmissora de Energia LTDA;230,0;230 kV;EPE — Base Existente;2026-10-07
112;LT 500 kV UHE Emborcação - Emborcação, C4;Não informado;500,0;500 kV;EPE — Base Existente;2026-10-07
113;LT 500 kV Ribeirãozinho - Rio Verde Norte, C3;GTE - Guaraciaba Transmissora de Energia S A;500,0;500 kV;EPE — Base Existente;2026-10-07
114;LT 345 kV Anhanguera - Guarulhos, C2;CTEEP - Companhia de Transmissão de Energia Elétrica Paulista;345,0;345 kV;EPE — Base Existente;2026-10-07
115;LT 230 kV Blumenau - Jaraguá do Sul, C1;ELETROSUL - ELETROSUL Centrais Elétricas S.A.;230,0;230 kV;EPE — Base Existente;2026-10-07
116;LT 230 kV Fortaleza II - Pici II, C1;CHESF - CHESF - Companhia Hidro Elétrica do São Francisco;230,0;230 kV;EPE — Base Existente;2026-10-07
117;LT 230 kV Curitiba Norte - Pilarzinho, C1;COPEL-GT - COPEL GERAÇÃO E TRANSMISSÃO S.A;230,0;230 kV;EPE — Base Existente;2026-10-07
118;LT 500 kV Jeremoabo - Olindina, C1;CHESF - CHESF - Companhia Hidro Elétrica do São Francisco;500,0;500 kV;EPE — Base Existente;2026-10-07
119;LT 230 kV Coxipó - Várzea Grande 2, C1;ELETRONORTE - Centrais Elétricas do Norte do Brasil S/A;230,0;230 kV;EPE — Base Existente;2026-10-07
120;LT 230 kV Campina Grande II - Campina Grande III, C2;CHESF - CHESF - Companhia Hidro Elétrica do São Francisco;230,0;230 kV;EPE — Base Existente;2026-10-07
121;LT 500 kV Serra Pelada - Itacaiúnas, C1;NOVO ESTADO - NOVO ESTADO TRANSMISSORA DE ENERGIA S.A;500,0;500 kV;EPE — Base Existente;2026-10-07
122;LT 440 kV UHE Porto Primavera - Novo Porto Primavera, C2;PORTO PRIMAVERA - Porto Primavera Transmissora de Energia S/A.;440,0;440 kV;EPE — Base Existente;2026-10-07
123;LT 600 kV CC Coletora Porto Velho - Araraquara 2, C3;NORTE BRASIL - NORTE BRASIL TRANSMISSORA DE ENERGIA S.A;600,0;600 kV;EPE — Base Existente;2026-10-07
124;LT 230 kV UHE Itapebi - Itapebi, C1;Não informado;230,0;230 kV;EPE — Base Existente;2026-10-07
125;LT 230 kV Cumaru - João Câmara III, C1;-;230,0;230 kV;EPE — Base Existente;2026-10-07
126;LT 500 kV UHE Xingó - Xingó, C5;CHESF - CHESF - Companhia Hidro Elétrica do São Francisco;500,0;500 kV;EPE — Base Existente;2026-10-07
127;LT 230 kV Folha Larga - Senhor do Bonfim, C1;PARQUE EÓLICO VENTOS DE SÃO JANUÁRIO 01 S.A.;230,0;230 kV;EPE — Base Existente;2026-10-07
128;LT 230 kV Itapeti - Mogi, C1;CTEEP - Companhia de Transmissão de Energia Elétrica Paulista;230,0;230 kV;EPE — Base Existente;2026-10-07
129;LT 230 kV Pelotas 3 - Quinta, C1;CEEE GT - Companhia Estadual de Geração e Transmissão de Energia Elétrica;230,0;230 kV;EPE — Base Existente;2026-10-07
130;LT 230 kV Milagres - Banabuiú, C1;CHESF - CHESF - Companhia Hidro Elétrica do São Francisco;230,0;230 kV;EPE — Base Existente;2026-10-07
131;LT 500 kV Belo Monte - Xingu, C5;NORTE ENERGIA SA - NORTE ENERGIA SA;500,0;500 kV;EPE — Base Existente;2026-10-07
132;LT 230 kV Cidade Industrial - Guaíba 2, C1;CEEE GT - Companhia Estadual de Geração e Transmissão de Energia Elétrica;230,0;230 kV;EPE — Base Existente;2026-10-07
133;LT 230 kV Arapiraca III - Rio Largo II, C1;CHESF - CHESF - Companhia Hidro Elétrica do São Francisco;230,0;230 kV;EPE — Base Existente;2026-10-07
134;LT 500 kV Buritirama - Queimada Nova II, C2;EQUATORIAL 3 - Equatorial Transmissora 3 SPE SA;500,0;500 kV;EPE — Base Existente;2026-10-07
135;LT 230 kV Itabuna III - Funil, C1;CHESF - CHESF - Companhia Hidro Elétrica do São Francisco;230,0;230 kV;EPE — Base Existente;2026-10-07
136;LT 230 kV Sinop - Sorriso II, C1;ELETRONORTE - Centrais Elétricas do Norte do Brasil S/A;230,0;230 kV;EPE — Base Existente;2026-10-07
137;LT 230 kV Itabira 2 - Nova Era 2, C1;CEMIG GT - CEMIG GERAÇÃO E TRANSMISSÃO S.A;230,0;230 kV;EPE — Base Existente;2026-10-07
138;LT 345 kV Lafaiete 1 - Jaceaba, C1;CEMIG GT - CEMIG GERAÇÃO E TRANSMISSÃO S.A;345,0;345 kV;EPE — Base Existente;2026-10-07
139;LT 230 kV Fortaleza - Fortaleza II, C1;CHESF - CHESF - Companhia Hidro Elétrica do São Francisco;230,0;230 kV;EPE — Base Existente;2026-10-07
140;LT 500 kV Açailândia - Marabá, C2;ENTE - Empresa Norte de Transmissão de Energia S. A .;500,0;500 kV;EPE — Base Existente;2026-10-07
141;LT 525 kV Ivaiporã - Londrina (ESUL), C2;UIRAPURU - UIRAPURU TRANSMISSORA DE ENERGIA;525,0;525 kV;EPE — Base Existente;2026-10-07
142;LT 525 kV Itajaí 2 - Biguaçu, C1;Não informado;525,0;525 kV;EPE — Base Existente;2026-10-07
143;LT 230 kV Andirá Leste - Salto Grande, C1;CTEEP - Companhia de Transmissão de Energia Elétrica Paulista;230,0;230 kV;EPE — Base Existente;2026-10-07
144;LT 230 kV Caxias - Farroupilha, C1;CEEE GT - Companhia Estadual de Geração e Transmissão de Energia Elétrica;230,0;230 kV;EPE — Base Existente;2026-10-07
145;LT 345 kV Baixada Santista - Tijuco Preto, C2;CTEEP - Companhia de Transmissão de Energia Elétrica Paulista;345,0;345 kV;EPE — Base Existente;2026-10-07
146;LT 230 kV Bateias - Ponta Grossa do Sul, C1;COPEL-GT - COPEL GERAÇÃO E TRANSMISSÃO S.A;230,0;230 kV;EPE — Base Existente;2026-10-07
147;LT 500 kV Teles Pires - UHE Teles Pires, C3;Não informado;0,0;Não informada / revisar;EPE — Base Existente;2026-10-07
148;LT 230 kV UHE Samuel - Samuel, C1;ELETRONORTE - Centrais Elétricas do Norte do Brasil S/A;230,0;230 kV;EPE — Base Existente;2026-10-07
149;LT 230 kV Vila do Conde - Guamá, C2;ELETRONORTE - Centrais Elétricas do Norte do Brasil S/A;230,0;230 kV;EPE — Base Existente;2026-10-07
150;LT 230 kV João Monlevade 2 - João Monlevade 4, C1;CEMIG GT - CEMIG GERAÇÃO E TRANSMISSÃO S.A.;230,0;230 kV;EPE — Base Existente;2026-10-07
151;LT 345 kV Itapeti - Tijuco Preto, C1;CTEEP - Companhia de Transmissão de Energia Elétrica Paulista;345,0;345 kV;EPE — Base Existente;2026-10-07
152;LT 230 kV Porto Alegre 10 - Porto Alegre 4, C1;CEEE GT - Companhia Estadual de Geração e Transmissão de Energia Elétrica;230,0;230 kV;EPE — Base Existente;2026-10-07
153;LT 230 kV Paranavaí Norte - Sarandi, C2 (CD);IE IVAI - INTERLIGAÇÃO ELÉTRICA IVAÍ S.A.;230,0;230 kV;EPE — Base Existente;2026-10-07
154;LT 525 kV Marmeleiro 2 - Povo Novo, C2;CHIMARRÃO - CHIMARRÃO TRANSMISSORA DE ENERGIA S.A.;525,0;525 kV;EPE — Base Existente;2026-10-07
155;LT 230 kV Guamá - Marituba, C1;ELETRONORTE - Centrais Elétricas do Norte do Brasil S/A;230,0;230 kV;EPE — Base Existente;2026-10-07
156;LT 230 kV Integradora - Onça Puma, C2;VALE - Vale S.A.;230,0;230 kV;EPE — Base Existente;2026-10-07
157;LT 500 kV Jeremoabo - Canudos I, C1;Não informado;500,0;500 kV;EPE — Base Existente;2026-10-07
158;LT 230 kV Ibiapina II - Sobral II, C1;CHESF - CHESF - Companhia Hidro Elétrica do São Francisco;230,0;230 kV;EPE — Base Existente;2026-10-07
159;LT 500 kV Presidente Dutra - Boa Esperança, C1;ELETRONORTE - Centrais Elétricas do Norte do Brasil S/A;500,0;500 kV;EPE — Base Existente;2026-10-07
160;LT 230 kV Barro Alto - Anglo American, C1;-;230,0;230 kV;EPE — Base Existente;2026-10-07
161;LT 525 kV Santo Angelo - Itá, C2;CIEN - Companhia de Interconexão Energética;525,0;525 kV;EPE — Base Existente;2026-10-07
162;LT 345 kV Adrianópolis - Nova Iguaçu, C1;FURNAS - Furnas Centrais Elétricas S.A.;345,0;345 kV;EPE — Base Existente;2026-10-07
163;LT 230 kV Jardim Botânico - Porto Alegre 10, C1;TESB - TRANSMISSORA DE ENERGIA SUL BRASIL;230,0;230 kV;EPE — Base Existente;2026-10-07
164;LT 345 kV Várzea da Palma 4 - Pirapora 2 , C1;CEMIG GT - CEMIG GERAÇÃO E TRANSMISSÃO S.A;345,0;345 kV;EPE — Base Existente;2026-10-07
165;LT 500 kV Imperatriz - Colinas, C1;ELETRONORTE - Centrais Elétricas do Norte do Brasil S/A;500,0;500 kV;EPE — Base Existente;2026-10-07
166;LT 230 kV Gravataí 3 - Complexo Industrial Automotivo de Gravataí, C1;-;230,0;230 kV;EPE — Base Existente;2026-10-07
167;LT 230 kV Carajás - Marabá, C1;ELETRONORTE - Centrais Elétricas do Norte do Brasil S/A;230,0;230 kV;EPE — Base Existente;2026-10-07
168;LT 230 kV Itacaiúnas - Carajás, C1;ATE III - ATE III TRANSMISSORA DE ENERGIA S.A.;230,0;230 kV;EPE — Base Existente;2026-10-07
169;LT 230 kV Livramento 3 - Santa Maria 3, C2;NEOENERGIA LAGOA DOS PATOS TRANSMISSÃO DE ENERGIA S.A.;230,0;230 kV;EPE — Base Existente;2026-10-07
170;LT 230 kV Canarana - Paranatinga, C1;CANARANA - Canarana Transmissora de Energia SA;230,0;230 kV;EPE — Base Existente;2026-10-07
171;LT 230 kV Tacaimbó - Campina Grande II, C1;CHESF - CHESF - Companhia Hidro Elétrica do São Francisco;230,0;230 kV;EPE — Base Existente;2026-10-07
172;LT 230 kV Ibiporã - Londrina (ESUL), C1;COPEL-GT - COPEL GERAÇÃO E TRANSMISSÃO S.A;230,0;230 kV;EPE — Base Existente;2026-10-07
173;LT 765 kV Itaberá - Tijuco Preto, C2;Furnas Centrais Elétricas S.A.;765,0;765 kV;EPE — Base Existente;2026-10-07
174;LT 230 kV Areia - União da Vitória Norte, C1;GRALHA AZUL - GRALHA AZUL TRANSMISSÃO DE ENERGIA SA;230,0;230 kV;EPE — Base Existente;2026-10-07
175;LT 230 kV Abdon Batista - Barra Grande, C2;STC - STC - Sistema de Transmissão Catarinense S.A.;230,0;230 kV;EPE — Base Existente;2026-10-07
176;LT 500 kV Quixadá - Fortaleza II, C1;CHESF - CHESF - Companhia Hidro Elétrica do São Francisco;500,0;500 kV;EPE — Base Existente;2026-10-07
177;LT 230 kV Pirapama II - Suape II, C1;CHESF - CHESF - Companhia Hidro Elétrica do São Francisco;230,0;230 kV;EPE — Base Existente;2026-10-07
178;LT 230 kV Banabuiú - Russas II, C1;CHESF - CHESF - Companhia Hidro Elétrica do São Francisco;230,0;230 kV;EPE — Base Existente;2026-10-07
179;LT 230 kV UHE Itapebi - Itapebi, C3;Não informado;230,0;230 kV;EPE — Base Existente;2026-10-07
180;LT 500 kV Recife II - Suape II, C1;CHESF - CHESF - Companhia Hidro Elétrica do São Francisco;500,0;500 kV;EPE — Base Existente;2026-10-07
181;LT 500 kV Gurupi - Miracema, C2;TAESA - TRANSMISSORA ALIANÇA DE ENERGIA ELÉTRICA S A;500,0;500 kV;EPE — Base Existente;2026-10-07
182;LT 600 kV CC Coletora Porto Velho - Araraquara 2, C4;NORTE BRASIL - NORTE BRASIL TRANSMISSORA DE ENERGIA S.A;600,0;600 kV;EPE — Base Existente;2026-10-07
183;LT 525 kV Curitiba - Gaspar 2, C1;ELETROSUL - ELETROSUL Centrais Elétricas S.A.;525,0;525 kV;EPE — Base Existente;2026-10-07
184;LT 500 kV Estreito - Imperatriz, C1;CE ESTREITO - Companhia Energética Estreito;500,0;500 kV;EPE — Base Existente;2026-10-07
185;LT 230 kV Samuel - Porto Velho, C2;ELETRONORTE - Centrais Elétricas do Norte do Brasil S/A;230,0;230 kV;EPE — Base Existente;2026-10-07
186;LT 525 kV Itá - Caxias Norte, C1;ELETROSUL - ELETROSUL Centrais Elétricas S.A.;525,0;525 kV;EPE — Base Existente;2026-10-07
187;LT 230 kV Gravataí 2 - Gravataí 3, C1;ELETROSUL - ELETROSUL Centrais Elétricas S.A.;230,0;230 kV;EPE — Base Existente;2026-10-07
188;LT 230 kV Caxias II - Coelho Neto, C1;ELETRONORTE - Centrais Elétricas do Norte do Brasil S/A;230,0;230 kV;EPE — Base Existente;2026-10-07
189;LT 230 kV Energia Pecém - Pecém II, C2;PORTO PECEM - Porto Pecem Geracao de Energia SA;230,0;230 kV;EPE — Base Existente;2026-10-07
190;LT 500 kV UHE Estreito - Estreito, C2;Não informado;500,0;500 kV;EPE — Base Existente;2026-10-07
191;LT 500 kV Eólico Oeste Seridó - Santa Luzia II, C1;CENTRAL GERADORA EOLICA SERIDO X S.A.;500,0;500 kV;EPE — Base Existente;2026-10-07
192;LT 230 kV Fortaleza II - Maracanaú, C1;CHESF - CHESF - Companhia Hidro Elétrica do São Francisco;230,0;230 kV;EPE — Base Existente;2026-10-07
193;LT 230 kV Cícero Dantas - Catu, C1;CHESF - CHESF - Companhia Hidro Elétrica do São Francisco;230,0;230 kV;EPE — Base Existente;2026-10-07
194;LT 500 kV Paranaíta - UHE São Manoel, C1;UHE SAO MANOEL - EMPRESA SÃO MANOEL SA;500,0;500 kV;EPE — Base Existente;2026-10-07
195;LT 230 kV Miramar - Utinga, C2;ELETRONORTE - Centrais Elétricas do Norte do Brasil S/A;230,0;230 kV;EPE — Base Existente;2026-10-07
196;LT 230 kV Siderópolis - Tubarão Sul, C1;IE SUL - INTERLIGAÇÃO ELÉTRICA SUL S.A;230,0;230 kV;EPE — Base Existente;2026-10-07
197;LT 345 kV Montes Claros 2 - Várzea da Palma 1, C1;CEMIG GT - CEMIG GERAÇÃO E TRANSMISSÃO S.A;345,0;345 kV;EPE — Base Existente;2026-10-07
198;LT 230 kV Ponta Grossa - Ponta Grossa Norte, C2;COPEL-GT - COPEL GERAÇÃO E TRANSMISSÃO S.A;230,0;230 kV;EPE — Base Existente;2026-10-07
199;LT 230 kV Umbará - Siderúrgica Guaíra, C1;-;230,0;230 kV;EPE — Base Existente;2026-10-07
200;LT 230 kV Gralha Azul - UTE Araucária, C2;COPEL-GT - COPEL GERAÇÃO E TRANSMISSÃO S.A;230,0;230 kV;EPE — Base Existente;2026-10-07
201;LT 500 kV Pecém II - Sobral III, C2;STN - SISTEMA DE TRANSMISSÃO NORDESTE S.A.;500,0;500 kV;EPE — Base Existente;2026-10-07
202;LT 230 kV Extremoz II - Natal III, C2;CHESF - CHESF - Companhia Hidro Elétrica do São Francisco;230,0;230 kV;EPE — Base Existente;2026-10-07
203;LT 230 kV Jorge Lacerda B - Siderópolis, C1;ELETROSUL - ELETROSUL Centrais Elétricas S.A.;230,0;230 kV;EPE — Base Existente;2026-10-07
204;LT 230 kV Campo Mourão - Apucarana, C1;ELETROSUL - ELETROSUL Centrais Elétricas S.A.;230,0;230 kV;EPE — Base Existente;2026-10-07
205;LT 230 kV Brasilia Geral - Brasilia Sul, C1;FURNAS - Furnas Centrais Elétricas S.A.;230,0;230 kV;EPE — Base Existente;2026-10-07
206;LT 345 kV Barbacena 2 - Lafaiete 1, C1;CEMIG GT - CEMIG GERAÇÃO E TRANSMISSÃO S.A;345,0;345 kV;EPE — Base Existente;2026-10-07
207;LT 230 kV Ipatinga 1 - Timóteo 2, C1;CEMIG GT - CEMIG GERAÇÃO E TRANSMISSÃO S.A;230,0;230 kV;EPE — Base Existente;2026-10-07
208;LT 345 kV Campinas - Poços de Caldas, C1;FURNAS - Furnas Centrais Elétricas S.A.;345,0;345 kV;EPE — Base Existente;2026-10-07
209;LT 500 kV Nova Iguaçu - São José, C1;FURNAS - Furnas Centrais Elétricas S.A.;500,0;500 kV;EPE — Base Existente;2026-10-07
210;LT 500 kV Campina Grande III - Garanhuns II, C1;IEG - INTERLIGAÇÃO ELÉTRICA GARANHUNS;500,0;500 kV;EPE — Base Existente;2026-10-07
211;LT 230 kV Integradora - Xinguara II, C1;ATLANTICO - ATLANTICO CONCESSIONARIA DE TRANSMISSAO DE ENERGIA DO BRASIL S;230,0;230 kV;EPE — Base Existente;2026-10-07
212;LT 230 kV Santana do Araguaia - Xinguara II, C2 (CD);ENERGISA PARÁ - ENERGISA PARÁ TRANSMISSORA DE ENERGIA I SA;230,0;230 kV;EPE — Base Existente;2026-10-07
213;LT 500 kV Caju - Açu III, C1;Ventos de Santa Tereza 04 Energias Renováveis S.A.;500,0;500 kV;EPE — Base Existente;2026-10-07
214;LT 230 kV Campo Grande 2 - Paraíso 2, C2;NEOENERGIA TRANSMISSORA 11 SPE S.A.;230,0;230 kV;EPE — Base Existente;2026-10-07
215;LT 230 kV Brasília Sul - Pirineus, C1;FURNAS - Furnas Centrais Elétricas S.A.;230,0;230 kV;EPE — Base Existente;2026-10-07
216;LT 500 kV Marimbondo - Marimbondo 2, C1;FURNAS - Furnas Centrais Elétricas S.A.;500,0;500 kV;EPE — Base Existente;2026-10-07
217;LT 230 kV Itiquira - UHE Itiquira 1, C1;-;230,0;230 kV;EPE — Base Existente;2026-10-07
218;LT 345 kV Bandeirantes - Piratininga II, C2;Não informado;345,0;345 kV;EPE — Base Existente;2026-10-07
219;LT 500 kV Serra da Mesa - Gurupi, C1;FURNAS - Furnas Centrais Elétricas S.A.;500,0;500 kV;EPE — Base Existente;2026-10-07
220;LT 500 kV Garabi II - Rincón de Santa Maria, C1;-;500,0;500 kV;EPE — Base Existente;2026-10-07
221;LT 230 kV Ivinhema 2 - UTE Amandina, C1;-;230,0;230 kV;EPE — Base Existente;2026-10-07
222;LT 345 kV Itapeti - Mogi das Cruzes, C2;CTEEP - Companhia de Transmissão de Energia Elétrica Paulista;345,0;345 kV;EPE — Base Existente;2026-10-07
223;LT 230 kV Paulo Afonso III - Tacaratu, C1;CHESF - CHESF - Companhia Hidro Elétrica do São Francisco;230,0;230 kV;EPE — Base Existente;2026-10-07
224;LT 230 kV Arcoverde II - Garanhuns II, C1;ARCOVERDE - ARCOVERDE TRANSMISSAO DE ENERGIA S.A.;230,0;230 kV;EPE — Base Existente;2026-10-07
225;LT 230 kV Barra do Peixe - Rondonópolis, C2;ELETRONORTE - Centrais Elétricas do Norte do Brasil S/A;230,0;230 kV;EPE — Base Existente;2026-10-07
226;LT 230 kV Lages - Rio do Sul, C1;STC - STC - Sistema de Transmissão Catarinense S.A.;230,0;230 kV;EPE — Base Existente;2026-10-07
227;LT 230 kV UTE Cristiano Rocha - Presidente Figueiredo, C1;ENERGISA AMAZONAS TRANSMISSORA DE ENERGIA S.A.;230,0;230 kV;EPE — Base Existente;2026-10-07
228;LT 230 kV Geranorte - Miranda II, C1;GERA MARANHAO - Gera Maranhão Geradora de Energia do Maranhão SA;230,0;230 kV;EPE — Base Existente;2026-10-07
229;LT 230 kV Faísa - Pecém II C1;EOL FAÍSA I - Eólica Faísa I Geração e Comercialização de Energia SA;230,0;230 kV;EPE — Base Existente;2026-10-07
230;LT 230 kV Farroupilha - Caxias Norte, C2;CEEE GT - Companhia Estadual de Geração e Transmissão de Energia Elétrica;230,0;230 kV;EPE — Base Existente;2026-10-07
231;LT 230 kV Bom Nome - UFV Belmonte, C1;Não informado;230,0;230 kV;EPE — Base Existente;2026-10-07
232;LT 500 kV UHE Santo Antonio Margem Direita- UHE Santo Antonio Leito do rio, C1;SAESA - SANTO ANTONIO ENERGIA SA;500,0;500 kV;EPE — Base Existente;2026-10-07
233;LT 500 kV Marabá - Itacaiúnas, C1;ATE III - ATE III TRANSMISSORA DE ENERGIA S.A.;500,0;500 kV;EPE — Base Existente;2026-10-07
234;LT 230 kV Mata Norte - Pau Ferro, C2 (CD);ITAMARACA - ITAMARACÁ TRANSMISSORA SPE S.A.;230,0;230 kV;EPE — Base Existente;2026-10-07
235;LT 230 kV Passo Fundo - UHE Passo Fundo, C2;ENGIE - ENGIE BRASIL ENERGIA SA;230,0;230 kV;EPE — Base Existente;2026-10-07
236;LT 230 kV Livramento 2 - Rivera, C1;ELETROSUL - ELETROSUL Centrais Elétricas S.A.;230,0;230 kV;EPE — Base Existente;2026-10-07
237;LT 525 kV Itá - Nova Santa Rita, C1;ELETROSUL - ELETROSUL Centrais Elétricas S.A.;525,0;525 kV;EPE — Base Existente;2026-10-07
238;LT 230 kV São Luís II - Alumar, C2;-;230,0;230 kV;EPE — Base Existente;2026-10-07
239;LT 230 kV UTE Apoena - Pólo C1;PETROBRAS - Petroleo Brasileiro S.A;230,0;230 kV;EPE — Base Existente;2026-10-07
240;LT 230 kV Baixada Santista - Petrobrás Cubatão, C1;CTEEP - Companhia de Transmissão de Energia Elétrica Paulista;230,0;230 kV;EPE — Base Existente;2026-10-07
241;LT 500 kV Ventos de Santa Eugênia - Gentio do Ouro II, C1;OSLO I S/A;500,0;500 kV;EPE — Base Existente;2026-10-07
242;LT 500 kV Serra da Mesa - Serra da Mesa 2, C1;TAESA - TRANSMISSORA ALIANÇA DE ENERGIA ELÉTRICA S A;500,0;500 kV;EPE — Base Existente;2026-10-07
243;LT 230 kV Barra dos Coqueiros - UTE Caçu I, C1;RIO CLARO AGROIND. - RIO CLARO AGROINDUSTRIAL S.A.;230,0;230 kV;EPE — Base Existente;2026-10-07
244;LT 230 kV Londrina (ESUL) - Apucarana, C2;COPEL-GT - COPEL GERAÇÃO E TRANSMISSÃO S.A;230,0;230 kV;EPE — Base Existente;2026-10-07
245;LT 230 kV Suape III - Termopernambuco, C2;TERMOPERNAMBUCO - Termopernambuco S/A;230,0;230 kV;EPE — Base Existente;2026-10-07
246;LT 230 kV Lavras - Cauípe, C1;Lavras 1 Energias Renováveis S.A.;230,0;230 kV;EPE — Base Existente;2026-10-07
247;LT 230 kV Samuel - Ariquemes, C4;ARGO III - ARGO III TANSMISSÃO DE ENERGIA SA;230,0;230 kV;EPE — Base Existente;2026-10-07
248;LT 230 kV Baguari - Mesquita, C1;CEMIG GT - CEMIG GERAÇÃO E TRANSMISSÃO S.A;230,0;230 kV;EPE — Base Existente;2026-10-07
249;LT 345 kV Brasilia Sul - Samambaia, C1;FURNAS - Furnas Centrais Elétricas S.A.;345,0;345 kV;EPE — Base Existente;2026-10-07
250;LT 525 kV Ponta Grossa - Bateias, C1;GRALHA AZUL - GRALHA AZUL TRANSMISSÃO DE ENERGIA S.A.;525,0;525 kV;EPE — Base Existente;2026-10-07
251;LT 230 kV Bagé 2 - Candiota 2, C1;VINEYARDS - SE VINEYARDS TRANSMISSAO DE ENERGIA S.A.;230,0;230 kV;EPE — Base Existente;2026-10-07
252;LT 230 kV Foz do Chapecó - Guarita, C1;ELETROSUL - ELETROSUL Centrais Elétricas S.A.;230,0;230 kV;EPE — Base Existente;2026-10-07
253;LT 230 kV Dourados 2 - Ivinhema 2, C1;PORTO PRIMAVERA - Porto Primavera Transmissora de Energia S/A.;230,0;230 kV;EPE — Base Existente;2026-10-07
254;LT 500 kV Nova Iguaçu - Taubaté, C1;LTTE - LINHAS DE TAUBATÉ TRANSMISSORA DE ENERGIA SA;500,0;500 kV;EPE — Base Existente;2026-10-07
255;LT 500 kV Ribeiro Gonçalves - São João do Piauí, C1;TAESA - TRANSMISSORA ALIANÇA DE ENERGIA ELÉTRICA S A;500,0;500 kV;EPE — Base Existente;2026-10-07
256;LT 230 kV UTE Termoceará - Cauípe, C2;PETROBRAS - Petroleo Brasileiro S.A;230,0;230 kV;EPE — Base Existente;2026-10-07
257;LT 525 kV Candiota 2 - Guaíba 3, C2 (CD);CHIMARRÃO - CHIMARRÃO TRANSMISSORA DE ENERGIA S.A.;525,0;525 kV;EPE — Base Existente;2026-10-07
258;LT 230 kV Lajeado 2 - Nova Santa Rita, C1;CEEE GT - Companhia Estadual de Geração e Transmissão de Energia Elétrica;230,0;230 kV;EPE — Base Existente;2026-10-07
259;LT 345 kV Várzea da Palma 4 - Várzea da Palma 1, C1;CEMIG GT - CEMIG GERAÇÃO E TRANSMISSÃO S.A;345,0;345 kV;EPE — Base Existente;2026-10-07
260;LT 230 kV Campina Grande II - Paraíso, C2;CHESF - CHESF - Companhia Hidro Elétrica do São Francisco;230,0;230 kV;EPE — Base Existente;2026-10-07
261;LT 500 kV Imperatriz - Colinas, C2;TAESA - TRANSMISSORA ALIANÇA DE ENERGIA ELÉTRICA S A;500,0;500 kV;EPE — Base Existente;2026-10-07
262;LT 230 kV Tomba - Governador Mangabeira, C2;AFLUENTE TRANSMISSÃO - Afluente Transmissão de Energia Elétrica SA;230,0;230 kV;EPE — Base Existente;2026-10-07
263;LT 500 kV Teles Pires - UHE Teles Pires, C5;Não informado;0,0;Não informada / revisar;EPE — Base Existente;2026-10-07
264;LT 345 kV Itabirito 2 - Ouro Preto 2, C1;CEMIG GT - CEMIG GERAÇÃO E TRANSMISSÃO S.A;345,0;345 kV;EPE — Base Existente;2026-10-07
265;LT 345 kV Betim 6 - Sarzedo, C1;MANTIQUEIRA TRANSMIS - MANTIQUEIRA TRANSMISSORA DE ENERGIA S.A.;345,0;345 kV;EPE — Base Existente;2026-10-07
266;LT 345 kV Barro Branco - Ouro Preto 2, C1;FURNAS - Furnas Centrais Elétricas S.A.;345,0;345 kV;EPE — Base Existente;2026-10-07
267;LT 230 kV Recife II - Joairam, C2;CHESF - CHESF - Companhia Hidro Elétrica do São Francisco;230,0;230 kV;EPE — Base Existente;2026-10-07
268;LT 230 kV Maçambará - Maçambará 3, C2;Não informado;230,0;230 kV;EPE — Base Existente;2026-10-07
269;LT 230 kV Campina Grande II - Coteminas, C1;CHESF - CHESF - Companhia Hidro Elétrica do São Francisco;230,0;230 kV;EPE — Base Existente;2026-10-07
270;LT 230 kV Icaraizinho - Massapê II, C1;CPFL ENERGIAS - CPFL Energias Renováveis SA;230,0;230 kV;EPE — Base Existente;2026-10-07
271;LT 500 kV Açu III - Quixadá, C1;ESPERANZA - ESPERANZA TRANSMISSORA DE ENERGIA S.A.;500,0;500 kV;EPE — Base Existente;2026-10-07
272;LT 230 kV Biguaçu - Desterro, C1;ELETROSUL - ELETROSUL Centrais Elétricas S.A.;230,0;230 kV;EPE — Base Existente;2026-10-07
273;LT 230 kV Abunã - Tucumã, C1;ELETRONORTE - Centrais Elétricas do Norte do Brasil S/A;230,0;230 kV;EPE — Base Existente;2026-10-07
274;LT 500 kV Nova Ponte - São Gotardo 2, C1;LTT - LT Triângulo S.A.;500,0;500 kV;EPE — Base Existente;2026-10-07
275;LT 500 kV Cláudia - UHE Sinop, C1;CIA ENERGÉTICA SINOP - COMPANHIA ENERGÉTICA SINOP SA;500,0;500 kV;EPE — Base Existente;2026-10-07
276;LT 230 kV Cidade Industrial - Porto Alegre 9, C1;CEEE GT - Companhia Estadual de Geração e Transmissão de Energia Elétrica;230,0;230 kV;EPE — Base Existente;2026-10-07
277;LT 500 kV Belo Monte - Xingu, C4;NORTE ENERGIA SA - NORTE ENERGIA SA;500,0;500 kV;EPE — Base Existente;2026-10-07
278;LT 500 kV Tucuruí - Xingu, C1;XINGU TRA - LINHAS DE XINGU TRANSMISSORA DE ENERGIA SA;500,0;500 kV;EPE — Base Existente;2026-10-07
279;LT 230 kV Ivinhema 2 - Nova Porto Primavera, C1;PORTO PRIMAVERA - Porto Primavera Transmissora de Energia S/A.;230,0;230 kV;EPE — Base Existente;2026-10-07
280;LT 230 kV Aparecida - Lorena, C1;CTEEP - Companhia de Transmissão de Energia Elétrica Paulista;230,0;230 kV;EPE — Base Existente;2026-10-07
281;LT 525 kV Gravataí - Nova Santa Rita, C1;ELETROSUL - ELETROSUL Centrais Elétricas S.A.;525,0;525 kV;EPE — Base Existente;2026-10-07
282;LT 230 kV UHE Pimental - Pimental, C3;Não informado;230,0;230 kV;EPE — Base Existente;2026-10-07
283;LT 230 kV Ribeirão - Recife II, C2;CHESF - CHESF - Companhia Hidro Elétrica do São Francisco;230,0;230 kV;EPE — Base Existente;2026-10-07
284;LT 230 kV Angelim - Messias, C2;CHESF - CHESF - Companhia Hidro Elétrica do São Francisco;230,0;230 kV;EPE — Base Existente;2026-10-07
285;LT 500 kV UTE Maranhão V - Parnaíba, C2;Não informado;500,0;500 kV;EPE — Base Existente;2026-10-07
286;LT 500 kV UHE Xingó - Xingó, C6;CHESF - CHESF - Companhia Hidro Elétrica do São Francisco;500,0;500 kV;EPE — Base Existente;2026-10-07
287;LT 230 kV Centro CTT - Centro CTR C2;CTEEP - Companhia de Transmissão de Energia Elétrica Paulista;230,0;230 kV;EPE — Base Existente;2026-10-07
288;LT 345 kV Barbacena 2 - Pimenta, C1;CEMIG GT - CEMIG GERAÇÃO E TRANSMISSÃO S.A;345,0;345 kV;EPE — Base Existente;2026-10-07
289;LT 500 kV Garanhuns II - Pau Ferro, C1;IEG - INTERLIGAÇÃO ELÉTRICA GARANHUNS;500,0;500 kV;EPE — Base Existente;2026-10-07
290;LT 230 kV Juruti - Parintins, C2 (CD);PARINTINS AMAZONAS - PARINTINS AMAZONAS TRANSMISSORA DE ENERGIA S.A.;230,0;230 kV;EPE — Base Existente;2026-10-07
291;LT 230 kV Açu II - Açu III, C3;TAESA - TRANSMISSORA ALIANÇA DE ENERGIA ELÉTRICA S A;230,0;230 kV;EPE — Base Existente;2026-10-07
292;LT 230 kV Chapadinha II - Coelho Neto, C1;EDP MA II - EDP TRANSMISSÃO MA II S.A.;230,0;230 kV;EPE — Base Existente;2026-10-07
293;LT 230 kV Milagres - Banabuiú, C3;CHESF - CHESF - Companhia Hidro Elétrica do São Francisco;230,0;230 kV;EPE — Base Existente;2026-10-07
294;LT 230 kV Missões - São Borja 2, C1;CEEE GT - Companhia Estadual de Geração e Transmissão de Energia Elétrica;230,0;230 kV;EPE — Base Existente;2026-10-07
295;LT 525 kV Abdon Batista - Siderópolis 2, C2 (CD);EDP ALIANCA - EDP TRANSMISSAO ALIANCA SC S.A.;525,0;525 kV;EPE — Base Existente;2026-10-07
296;LT 500 kV Cachoeira Paulista - Taubaté, C1;FURNAS - Furnas Centrais Elétricas S.A.;500,0;500 kV;EPE — Base Existente;2026-10-07
297;LT 500 kV Tijuco Preto - Lorena, C1;CPTE - Cachoeira Paulista Transmissora de Energia S/A.;500,0;500 kV;EPE — Base Existente;2026-10-07
298;LT 230 kV Açu II - Alegria, C1;NEW ENERGY - New Energy Options Ltda;230,0;230 kV;EPE — Base Existente;2026-10-07
299;LT 500 kV Cachoeira Paulista - Estreito, C2;EDP SP-MG - EDP TRANSMISSAO SP-MG S.A.;500,0;500 kV;EPE — Base Existente;2026-10-07
300;LT 230 kV Janaúba 3 - Jaíba, C2 (CD);SOLARIS - SOLARIS TRANSMISSÃO DE ENERGIA S.A.;230,0;230 kV;EPE — Base Existente;2026-10-07
301;LT 500 kV Buritirama - Queimada Nova II, C1;SERTANEJA - TRANSMISSORA SERTANEJA DE ELETRICIDADE S A;500,0;500 kV;EPE — Base Existente;2026-10-07
302;LT 230 kV Cana Brava - Serra da Mesa, C2;ENGIE - ENGIE BRASIL ENERGIA SA;230,0;230 kV;EPE — Base Existente;2026-10-07
303;LT 230 kV Chapada III - Curral Novo do Piauí, C1;VENTOS DE ST JOANA I - VENTOS DE SANTA JOANA I ENERGIAS RENOVAVEIS S.A;230,0;230 kV;EPE — Base Existente;2026-10-07
304;LT 440 kV Cabreúva - Bom Jardim, C1;CTEEP - Companhia de Transmissão de Energia Elétrica Paulista;440,0;440 kV;EPE — Base Existente;2026-10-07
305;LT 230 kV Cascavel - Foz do Chopim, C1;COPEL-GT - COPEL GERAÇÃO E TRANSMISSÃO S.A;230,0;230 kV;EPE — Base Existente;2026-10-07
306;LT 500 kV Terminal Rio - Nova Iguaçu, C1 (CD);XRTE - XINGU RIO TRANSMISSORA DE ENERGIA S.A.;500,0;500 kV;EPE — Base Existente;2026-10-07
307;LT 500 kV Cia. Siderúrgica do Atlântico - Zona Oeste, C2;CSA - Thyssenkrupp CSA Siderurgica do Atlântico;500,0;500 kV;EPE — Base Existente;2026-10-07
308;LT 230 kV Campo Grande 2 - Imbirussú, C1;BRILHANTE - Brilhante Transmissora de Energia Ltda;230,0;230 kV;EPE — Base Existente;2026-10-07
309;LT 440 kV Getulina - Marechal Rondon, C1;CTEEP - Companhia de Transmissão de Energia Elétrica Paulista;440,0;440 kV;EPE — Base Existente;2026-10-07
310;LT 230 kV São Roque - UHE São Roque, C1;Não informado;230,0;230 kV;EPE — Base Existente;2026-10-07
311;LT 230 kV Caxias - Caxias do Sul 5, C1;ELETROSUL - ELETROSUL Centrais Elétricas S.A.;230,0;230 kV;EPE — Base Existente;2026-10-07
312;LT 230 kV Chapadinha II - Miranda II, C1;EDP MA II - EDP TRANSMISSÃO MA II S.A.;230,0;230 kV;EPE — Base Existente;2026-10-07
313;LT 230 kV Itabaiana - Itabaianinha, C1;CHESF - CHESF - Companhia Hidro Elétrica do São Francisco;230,0;230 kV;EPE — Base Existente;2026-10-07
314;LT 500 kV Imperatriz - Marabá, C2;ELETRONORTE - Centrais Elétricas do Norte do Brasil S/A;500,0;500 kV;EPE — Base Existente;2026-10-07
315;LT 500 kV Colinas - Miracema, C3;INTESA - INTEGRAÇAO TRANSMISSORA DE ENERGIA S.A;500,0;500 kV;EPE — Base Existente;2026-10-07
316;LT 230 kV Chapadão - Paraíso 2, C2;NEOENERGIA TRANSMISSORA 11 SPE S.A.;230,0;230 kV;EPE — Base Existente;2026-10-07
317;LT 230 kV Catu - Ferbasa C1;-;230,0;230 kV;EPE — Base Existente;2026-10-07
318;LT 230 kV UTE Porto Itaqui - São Luís IV, C1;ITAQUI GERACAO - ITAQUI GERACAO DE ENERGIA S/A;230,0;230 kV;EPE — Base Existente;2026-10-07
319;LT 230 kV Caraúbas II - Açu III, C2 (CD);DUNAS TRANSMISSÃO DE ENERGIA S.A.;230,0;230 kV;EPE — Base Existente;2026-10-07
320;LT 230 kV UHE Samuel - Samuel, C4;ELETRONORTE - Centrais Elétricas do Norte do Brasil S/A;230,0;230 kV;EPE — Base Existente;2026-10-07
321;LT 500 kV Sobradinho - UHE Sobradinho, C3;Não informado;500,0;500 kV;EPE — Base Existente;2026-10-07
322;LT 230 kV Dardanelos - Juína, C2;AGUAS DA PEDRA - ENERGETICA AGUAS DA PEDRA S.A.;230,0;230 kV;EPE — Base Existente;2026-10-07
323;LT 345 kV UHE Furnas - Furnas, C5;Não informado;345,0;345 kV;EPE — Base Existente;2026-10-07
324;LT 230 kV Itabira 4 - Taquaril, C1;CEMIG GT - CEMIG GERAÇÃO E TRANSMISSÃO S.A;230,0;230 kV;EPE — Base Existente;2026-10-07
325;LT 500 kV Xingu - Jurupari, C2;XINGU TRA - LINHAS DE XINGU TRANSMISSORA DE ENERGIA SA;500,0;500 kV;EPE — Base Existente;2026-10-07
326;LT 230 kV União da Vitória Norte - São Mateus do Sul, C1;GRALHA AZUL - GRALHA AZUL TRANSMISSÃO DE ENERGIA SA;230,0;230 kV;EPE — Base Existente;2026-10-07
327;LT 230 kV Botucatu - Cerquilho III, C1;CTEEP - Companhia de Transmissão de Energia Elétrica Paulista;230,0;230 kV;EPE — Base Existente;2026-10-07
328;LT 500 kV Cláudia - UHE Colíder, C1;COPEL-GT - COPEL GERAÇÃO E TRANSMISSÃO S.A;500,0;500 kV;EPE — Base Existente;2026-10-07
329;LT 440 kV Baguaçu - lha Solteira, C2;IE AGUAPEI - INTERLIGAÇÃO ELÉTRICA AGUAPEÍ S.A.;440,0;440 kV;EPE — Base Existente;2026-10-07
330;LT 230 kV Nova Mutum - Lucas do Rio Verde, C1;ELETRONORTE - Centrais Elétricas do Norte do Brasil S/A;230,0;230 kV;EPE — Base Existente;2026-10-07
331;LT 230 kV Laranjal - UHE Santo Antonio do Jari, C1;ECE PARTICIPAÇÕES - ECE PARTICIPAÇÕES SA;230,0;230 kV;EPE — Base Existente;2026-10-07
332;LT 230 kV Cabreúva - Edgard Souza, C2;CTEEP - Companhia de Transmissão de Energia Elétrica Paulista;230,0;230 kV;EPE — Base Existente;2026-10-07
333;LT 345 kV Embu-Guaçu - Baixada Santista, C1;CTEEP - Companhia de Transmissão de Energia Elétrica Paulista;345,0;345 kV;EPE — Base Existente;2026-10-07
334;LT 500 kV UHE Itaipu - Foz do Iguaçu, C2;ITAIPU - ITAIPU Binacional;500,0;500 kV;EPE — Base Existente;2026-10-07
335;LT 525 kV Guaíra - Sarandi, C2 (CD);IE IVAI - INTERLIGAÇÃO ELÉTRICA IVAÍ S.A.;525,0;525 kV;EPE — Base Existente;2026-10-07
336;LT 230 kV Tabocas Brejo Velho - Horizonte MP, C1;HORIZONTE MP - ENEL GREEN POWER HORIZONTE MP SOLAR S.A.;230,0;230 kV;EPE — Base Existente;2026-10-07
337;LT 345 kV UHE Furnas - Furnas, C3;Não informado;345,0;345 kV;EPE — Base Existente;2026-10-07
338;LT 345 kV Barreiro 1 - Betim 6, C1;CEMIG GT - CEMIG GERAÇÃO E TRANSMISSÃO S.A;345,0;345 kV;EPE — Base Existente;2026-10-07
339;LT 230 kV Itabira 2 - Sabará 3, C1;CEMIG GT - CEMIG GERAÇÃO E TRANSMISSÃO S.A;230,0;230 kV;EPE — Base Existente;2026-10-07
340;LT 440 kV UHE Porto Primavera - Taquaruçu, C1;CTEEP - Companhia de Transmissão de Energia Elétrica Paulista;440,0;440 kV;EPE — Base Existente;2026-10-07
341;LT 230 kV Itapeti - Mogi das Cruzes, C3;CTEEP - Companhia de Transmissão de Energia Elétrica Paulista;230,0;230 kV;EPE — Base Existente;2026-10-07
342;LT 500 kV Acaraú III - Pecém II, C1;ARGO - Argo Transmissão de Energia SA;500,0;500 kV;EPE — Base Existente;2026-10-07
343;LT 230 kV UHE Santo Antonio - Porto Velho, C1;SAESA - SANTO ANTONIO ENERGIA SA;230,0;230 kV;EPE — Base Existente;2026-10-07
344;LT 230 kV E2 - E3, C1;-;230,0;230 kV;EPE — Base Existente;2026-10-07
345;LT 500 kV Padre Paraíso 2 - Poções III, C2;Transmissora Aliança de Energia Elétrica S.A.;500,0;500 kV;EPE — Base Existente;2026-10-07
346;LT 500 kV Rio Verde Norte - Itumbiara, C1;ITE - Itumbiara Transmissora de Energia S/A.;500,0;500 kV;EPE — Base Existente;2026-10-07
347;LT 230 kV Jorge Lacerda B - Tubarão Sul, C1;IE SUL - INTERLIGAÇÃO ELÉTRICA SUL S.A;230,0;230 kV;EPE — Base Existente;2026-10-07
348;LT 230 kV Pato Branco - Xanxerê, C1;ELETROSUL - ELETROSUL Centrais Elétricas S.A.;230,0;230 kV;EPE — Base Existente;2026-10-07
349;LT 345 kV Campos - Rio Novo do Sul, C1;FURNAS - Furnas Centrais Elétricas S.A.;345,0;345 kV;EPE — Base Existente;2026-10-07
350;LT 230 kV Camaçari II - Governador Mangabeira, C1;CHESF - CHESF - Companhia Hidro Elétrica do São Francisco;230,0;230 kV;EPE — Base Existente;2026-10-07
351;LT 230 kV Dianópolis II - Gurupi, C1;ENERG TOCANTINS - ENERGISA TOCANTINS TRANSMISSORA DE ENERGIA S.A.;230,0;230 kV;EPE — Base Existente;2026-10-07
352;LT 500 kV Itabirito 2 - São Gonçalo do Pará, C1;CEMIG GT - CEMIG GERAÇÃO E TRANSMISSÃO S.A;500,0;500 kV;EPE — Base Existente;2026-10-07
353;LT 500 kV Itacaiúnas - Colinas, C1;ATE III - ATE III TRANSMISSORA DE ENERGIA S.A.;500,0;500 kV;EPE — Base Existente;2026-10-07
354;LT 230 kV Chapada II - Chapada III, C1;SIMOES - SIMÕES TRANSMISSORA DE ENERGIA ELÉTRICA S.A.;230,0;230 kV;EPE — Base Existente;2026-10-07
355;LT 230 kV Dourados - Dourados 2, C2;EKTT 12-A - EKTT 12-A SERVICOS DE TRANSMISSAO DE ENERGIA ELETRICA SPE S.A.;230,0;230 kV;EPE — Base Existente;2026-10-07
356;LT 230 kV Governador Parigot Souza - Posto Fiscal, C1;COPEL-GT - COPEL GERAÇÃO E TRANSMISSÃO S.A;230,0;230 kV;EPE — Base Existente;2026-10-07
357;LT 600 kV CC Foz do Iguaçu - Ibiuna, C3;Furnas Centrais Elétricas S.A.;600,0;600 kV;EPE — Base Existente;2026-10-07
358;LT 230 kV Lajeado - Palmas, C1 (CD);MIRACEMA - MIRACEMA TRANSMISSORA DE ENERGIA ELETRICA S/A;230,0;230 kV;EPE — Base Existente;2026-10-07
359;LT 230 kV Bom Nome - Floresta II, C1;CHESF - CHESF - Companhia Hidro Elétrica do São Francisco;230,0;230 kV;EPE — Base Existente;2026-10-07
360;LT 230 kV Foz do Chapecó - Pinhalzinho 2, C1;Não informado;230,0;230 kV;EPE — Base Existente;2026-10-07
361;LT 230 kV EOLs Kairós Wind - Mossoró IV, C1;Não informado;230,0;230 kV;EPE — Base Existente;2026-10-07
362;LT 230 kV Massapê II - Sobral III, C1;FORMOSA - EÓLICA FORMOSA LTDA;230,0;230 kV;EPE — Base Existente;2026-10-07
363;LT 230 kV UHE Barra Grande - Barra Grande, C2;BAESA - Baesa-Energética Barra Grande S.A;230,0;230 kV;EPE — Base Existente;2026-10-07
364;LT 345 kV Furnas - Poços de Caldas, C2;FURNAS - Furnas Centrais Elétricas S.A.;345,0;345 kV;EPE — Base Existente;2026-10-07
365;LT 230 kV Ventos da Bahia II - Morro do Chapéu II, C1;VENTOS DA BAHIA I - Parque Eólico Ventos da Bahia I;230,0;230 kV;EPE — Base Existente;2026-10-07
366;LT 230 kV Juazeiro II - Senhor do Bonfim II, C2;CHESF - CHESF - Companhia Hidro Elétrica do São Francisco;230,0;230 kV;EPE — Base Existente;2026-10-07
367;LT 230 kV Charqueadas 3 - Guaíba 3, C1;Não informado;230,0;230 kV;EPE — Base Existente;2026-10-07
368;LT 525 kV Curitiba - Bateias, C1;ELETROSUL - ELETROSUL Centrais Elétricas S.A.;525,0;525 kV;EPE — Base Existente;2026-10-07
369;LT 230 kV Cuiabá - Rondonópolis, C1;AETE - AMAZÔNIA - ELETRONORTE TRANSMISSORA DE ENERGIA S.A.;230,0;230 kV;EPE — Base Existente;2026-10-07
370;LT 230 kV Galinhos - Miassaba 3, C1;BRASVENTOS EOLO - Brasventos Eolo Gerador de Energia S.A;230,0;230 kV;EPE — Base Existente;2026-10-07
371;LT 500 kV Tucuruí - Vila do Conde, C1;ELETRONORTE - Centrais Elétricas do Norte do Brasil S/A;500,0;500 kV;EPE — Base Existente;2026-10-07
372;LT 230 kV Camaçari II - Caraíba Metais, C1;-;230,0;230 kV;EPE — Base Existente;2026-10-07
373;LT 230 kV Barreiras - Barreiras II, C3;RIALMA IV - RIALMA TRANSMISSORA DE ENERGIA IV LTDA.;230,0;230 kV;EPE — Base Existente;2026-10-07
374;LT 230 kV Integradora - S11D, C1 (Vale S.A.);-;230,0;230 kV;EPE — Base Existente;2026-10-07
375;LT 345 kV Jaguara - Jaguara, C3;CEMIG GT - CEMIG GERAÇÃO E TRANSMISSÃO S.A;345,0;345 kV;EPE — Base Existente;2026-10-07
376;LT 500 kV UHE Marimbondo - Marimbondo, C1;Não informado;500,0;500 kV;EPE — Base Existente;2026-10-07
377;LT 500 kV Complexo Futura - Futura, C2;Não informado;500,0;500 kV;EPE — Base Existente;2026-10-07
378;LT 230 kV Pituaçu - Narandiba, C2;CHESF - CHESF - Companhia Hidro Elétrica do São Francisco;230,0;230 kV;EPE — Base Existente;2026-10-07
379;LT 500 kV Campina Grande III - João Pessoa II, C1;Borborema Transmissão de Energia S.A;500,0;500 kV;EPE — Base Existente;2026-10-07
380;LT 230 kV Feira de Santana III - Camaçari II, C1;CHESF - CHESF - Companhia Hidro Elétrica do São Francisco;230,0;230 kV;EPE — Base Existente;2026-10-07
381;LT 500 kV São Simão - UHE São Simão, C3;CEMIG GT - CEMIG GERAÇÃO E TRANSMISSÃO S.A;500,0;500 kV;EPE — Base Existente;2026-10-07
382;LT 230 kV Baguari - UHE Baguari, C3;BAGUARI I GERAÇÃO;230,0;230 kV;EPE — Base Existente;2026-10-07
383;LT 500 kV Barreiras II - Rio das Éguas, C1;PTE - Paranaíba Trasnmissora de Energia S.A;500,0;500 kV;EPE — Base Existente;2026-10-07
384;LT 500 kV UTE Maranhão III - Parnaíba, C1;Não informado;500,0;500 kV;EPE — Base Existente;2026-10-07
385;LT 230 kV Lagoa do Carro - Pau Ferro, C1;CHESF - CHESF - Companhia Hidro Elétrica do São Francisco;230,0;230 kV;EPE — Base Existente;2026-10-07
386;LT 230 kV Ceará-Mirim II - Extremoz II, C1;ETN - EXTREMOZ TRANSMISSORA DO NORDESTE;230,0;230 kV;EPE — Base Existente;2026-10-07
387;LT 500 kV Santa Luzia II - Milagres II, C1;SANTA LUZIA - NEOENERGIA SANTA LUZIA TRANSMISSÃO DE ENERGIA S/A;500,0;500 kV;EPE — Base Existente;2026-10-07
388;LT 600 kV CC Foz do Iguaçu - Ibiuna, C4;Furnas Centrais Elétricas S.A.;600,0;600 kV;EPE — Base Existente;2026-10-07
389;LT 440 kV Mogi Mirim 3 - Santo Ângelo, C1;CTEEP - Companhia de Transmissão de Energia Elétrica Paulista;440,0;440 kV;EPE — Base Existente;2026-10-07
390;LT 440 kV Araraquara CTP - Mirassol II, C2;CTEEP - Companhia de Transmissão de Energia Elétrica Paulista;440,0;440 kV;EPE — Base Existente;2026-10-07
391;LT 230 kV Biguaçu - Ratones, C2 (CS);IE BIGUAÇU - INTERLIGAÇÃO ELÉTRICA BIGUAÇU S.A.;230,0;230 kV;EPE — Base Existente;2026-10-07
392;LT 230 kV Forquilhinha - Torres 2, C1;EDP Brasil S.A.;230,0;230 kV;EPE — Base Existente;2026-10-07
393;LT 230 kV Gravataí 2 - Viamão 3, C1;CEEE GT - Companhia Estadual de Geração e Transmissão de Energia Elétrica;230,0;230 kV;EPE — Base Existente;2026-10-07
394;LT 230 kV Porto Alegre 1 - Jardim Botânico, C1;CPFL SUL II - CPFL TRANSMISSÃO DE ENERGIA SUL II LTDA.;230,0;230 kV;EPE — Base Existente;2026-10-07
395;LT 500 kV Segredo - UHE Governador Ney Braga, C2;COPEL-GT - COPEL GERAÇÃO E TRANSMISSÃO S.A;500,0;500 kV;EPE — Base Existente;2026-10-07
396;LT 230 kV Baixo Iguaçu - UHE Baixo Iguaçu, C3;Não informado;230,0;230 kV;EPE — Base Existente;2026-10-07
397;LT 230 kV Carajás - Palmeiras, C1;CELG - GT - CELG GERAÇÃO E TRANSMISSÃO S/A;230,0;230 kV;EPE — Base Existente;2026-10-07
398;LT 345 kV Mogi das Cruzes - Nordeste, C1;FURNAS - Furnas Centrais Elétricas S.A.;345,0;345 kV;EPE — Base Existente;2026-10-07
399;LT 345 kV Itabirito 2 - Jeceaba, C2;MANTIQUEIRA TRANSMIS - MANTIQUEIRA TRANSMISSORA DE ENERGIA S.A.;345,0;345 kV;EPE — Base Existente;2026-10-07
400;LT 345 kV Campinas - Guarulhos, C1;FURNAS - Furnas Centrais Elétricas S.A.;345,0;345 kV;EPE — Base Existente;2026-10-07
401;LT 500 kV Imperatriz - Presidente Dutra, C1;ELETRONORTE - Centrais Elétricas do Norte do Brasil S/A;500,0;500 kV;EPE — Base Existente;2026-10-07
402;LT 500 kV Açu III - João Câmara III, C2;GIOVANNI - GIOVANNI SANGUINETTI TRANSMISSORA DE ENERGIA S A;500,0;500 kV;EPE — Base Existente;2026-10-07
403;LT 230 kV Pimenta Bueno - Vilhena, C3;LINHA VERDE - Linha Verde Transmissora de Energia S.A.;230,0;230 kV;EPE — Base Existente;2026-10-07
404;LT 230 kV Jardim - Nossa Senhora do Socorro, C2 (CD);CHESF - CHESF - Companhia Hidro Elétrica do São Francisco;230,0;230 kV;EPE — Base Existente;2026-10-07
405;LT 230 kV Goianinha - Pau Ferro, C1;CHESF - CHESF - Companhia Hidro Elétrica do São Francisco;230,0;230 kV;EPE — Base Existente;2026-10-07
406;LT 230 kV Siderópolis - Siderópolis 2, C2 (CD);EDP ALIANCA - EDP TRANSMISSAO ALIANCA SC S.A.;230,0;230 kV;EPE — Base Existente;2026-10-07
407;LT 230 kV Missões - Santo Ângelo, C1;CEEE GT - Companhia Estadual de Geração e Transmissão de Energia Elétrica;230,0;230 kV;EPE — Base Existente;2026-10-07
408;LT 230 kV Ivinhema 2 - Nova Porto Primavera, C2;EKTT 12-A - EKTT 12-A SERVICOS DE TRANSMISSAO DE ENERGIA ELETRICA SPE S.A.;230,0;230 kV;EPE — Base Existente;2026-10-07
409;LT 345 kV Jaguara - UHE Jaguara, C2;Não informado;345,0;345 kV;EPE — Base Existente;2026-10-07
410;LT 230 kV Assis - Londrina (Copel), C1;ELETROSUL - ELETROSUL Centrais Elétricas S.A.;230,0;230 kV;EPE — Base Existente;2026-10-07
411;LT 230 kV Blumenau - Itajaí, C1;ELETROSUL - ELETROSUL Centrais Elétricas S.A.;230,0;230 kV;EPE — Base Existente;2026-10-07
412;LT 525 kV Salto Santiago - Itá, C2;TSBE - Transmissora Sul Brasileira de Energia S A;525,0;525 kV;EPE — Base Existente;2026-10-07
413;LT 500 kV Jaguaruana II - Açu III, C1;Não informado;500,0;500 kV;EPE — Base Existente;2026-10-07
414;LT 230 kV Ponta Grossa - São Mateus do Sul, C1;GRALHA AZUL - GRALHA AZUL TRANSMISSÃO DE ENERGIA SA;230,0;230 kV;EPE — Base Existente;2026-10-07
415;LT 500 kV Paranatinga - Sinop, C1;MATRINCHA - MATRINCHA TRANSMISSORA DE ENERGIA S A;500,0;500 kV;EPE — Base Existente;2026-10-07
416;LT 345 kV Furnas - Mascarenhas de Morais, C1;FURNAS - Furnas Centrais Elétricas S.A.;345,0;345 kV;EPE — Base Existente;2026-10-07
417;LT 500 kV UHE Santo Antonio Margem Esquerda - Coletora Porto Velho, C3;SAESA - SANTO ANTONIO ENERGIA SA;500,0;500 kV;EPE — Base Existente;2026-10-07
418;LT 230 kV UHE Pedra do Cavalo - Governador Mangabeira, C1;VOTORANTIM CIMENTOS - Votorantim Cimentos Ltda.;230,0;230 kV;EPE — Base Existente;2026-10-07
419;LT 230 kV Jaboatão II - Pirapama II, C1;CHESF - CHESF - Companhia Hidro Elétrica do São Francisco;230,0;230 kV;EPE — Base Existente;2026-10-07
420;LT 230 kV Cachoeirinha 3 - Gravataí 2, C2;CEEE GT - Companhia Estadual de Geração e Transmissão de Energia Elétrica;230,0;230 kV;EPE — Base Existente;2026-10-07
421;LT 230 kV Igaporã II - Igaporã III, C2;CHESF - CHESF - Companhia Hidro Elétrica do São Francisco;230,0;230 kV;EPE — Base Existente;2026-10-07
422;LT 230 kV Trindade - Xavantes, C2;GOIAS TRA - GOIAS TRANSMISSAO SA;230,0;230 kV;EPE — Base Existente;2026-10-07
423;Ramal LT 230 kV Aperam - Ipatinga 1 C1 - SE Timóteo C1;CEMIG GT - CEMIG GERAÇÃO E TRANSMISSÃO S.A;230,0;230 kV;EPE — Base Existente;2026-10-07
424;LT 345 kV Leste - Ramom Reberte Filho, C1;CTEEP - Companhia de Transmissão de Energia Elétrica Paulista;345,0;345 kV;EPE — Base Existente;2026-10-07
425;LT 230 kV Gralha Azul - Umbará, C1;COPEL-GT - COPEL GERAÇÃO E TRANSMISSÃO S.A;230,0;230 kV;EPE — Base Existente;2026-10-07
426;LT 230 kV Itapaci - Barro Alto, C2;LAT - LAGO AZUL TRANSMISSAO S.A.;230,0;230 kV;EPE — Base Existente;2026-10-07
427;LT 345 kV UHE Irapé - Irapé, C1;CEMIG GT - CEMIG GERAÇÃO E TRANSMISSÃO S.A;345,0;345 kV;EPE — Base Existente;2026-10-07
428;LT 230 kV Serra da Babilônia II - Morro do Chapéu II, C1;RIO ENERGY;230,0;230 kV;EPE — Base Existente;2026-10-07
429;LT 500 kV Emborcação - Nova Ponte, C2;LTT - LT Triângulo S.A.;500,0;500 kV;EPE — Base Existente;2026-10-07
430;LT 230 kV Scharlau 2 - Charqueadas, C1;CEEE GT - Companhia Estadual de Geração e Transmissão de Energia Elétrica;230,0;230 kV;EPE — Base Existente;2026-10-07
431;LT 230 kV Passo Real - Venâncio Aires, C1;CEEE GT - Companhia Estadual de Geração e Transmissão de Energia Elétrica;230,0;230 kV;EPE — Base Existente;2026-10-07
432;LT 230 kV Atlântida 2 - Gravataí 3, C1;ELETROSUL - ELETROSUL Centrais Elétricas S.A.;230,0;230 kV;EPE — Base Existente;2026-10-07
433;LT 230 kV Anhanguera - Centro-CTT, C2;CTEEP - Companhia de Transmissão de Energia Elétrica Paulista;230,0;230 kV;EPE — Base Existente;2026-10-07
434;LT 230 kV Currais Novos II - Lagoa Nova II, C2 (CD);LAGOA NOVA - LAGOA NOVA TRANSMISSORA DE ENERGIA ELÉTRICA SA;230,0;230 kV;EPE — Base Existente;2026-10-07
435;LT 230 kV Suape II - Suape III, C1;CHESF - CHESF - Companhia Hidro Elétrica do São Francisco;230,0;230 kV;EPE — Base Existente;2026-10-07
436;LT 230 kV UHE Balbina - Balbina, C5;Não informado;230,0;230 kV;EPE — Base Existente;2026-10-07
437;LT 230 kV Caetés II - Garanhuns II, C1;EOL SANTA BRIGIDA I - VENTOS DE SANTA BRIGIDA I ENERGIAS RENOVAVEIS S.A;230,0;230 kV;EPE — Base Existente;2026-10-07
438;LT 230 kV Brasnorte - Nova Mutum, C1;BRASNORTE - BRASNORTE TRANSMISSORA DE ENERGIA S.A.;230,0;230 kV;EPE — Base Existente;2026-10-07
439;LT 440 kV Água Vermelha - Ribeirão Preto, C1;CTEEP - Companhia de Transmissão de Energia Elétrica Paulista;440,0;440 kV;EPE — Base Existente;2026-10-07
440;LT 230 kV Natal III - Natal II, C1;CHESF - CHESF - Companhia Hidro Elétrica do São Francisco;230,0;230 kV;EPE — Base Existente;2026-10-07
441;LT 230 kV Lagoa Nova II - Paraíso, C1;CHESF - CHESF - Companhia Hidro Elétrica do São Francisco;230,0;230 kV;EPE — Base Existente;2026-10-07
442;LT 230 kV UFV Panati - Banabuiú, C1;Não informado;230,0;230 kV;EPE — Base Existente;2026-10-07
443;LT 230 kV Nossa Senhora do Socorro - Penedo, C1;CHESF - CHESF - Companhia Hidro Elétrica do São Francisco;230,0;230 kV;EPE — Base Existente;2026-10-07
444;LT 525 kV Assis - Araraquara FUR, C1;TAESA - TRANSMISSORA ALIANÇA DE ENERGIA ELÉTRICA S A;525,0;525 kV;EPE — Base Existente;2026-10-07
445;LT 230 kV Livramento 3 - Maçambará 3, C1;SANTANA - SANT’ANA TRANSMISSORA DE ENERGIA ELÉTRICA S.A.;230,0;230 kV;EPE — Base Existente;2026-10-07
446;LT 230 kV Apucarana - Sarandi, C1;COPEL-GT - COPEL GERAÇÃO E TRANSMISSÃO S.A;230,0;230 kV;EPE — Base Existente;2026-10-07
447;LT 230 kV Itaguaçu - Barra dos Coqueiros, C1;COQUEIROS TRA - COQUEIROS TRANSMISSORA DE ENRGIA LTDA;230,0;230 kV;EPE — Base Existente;2026-10-07
448;LT 440 kV Ilha Solteira - Três Irmãos, C1;CTEEP - Companhia de Transmissão de Energia Elétrica Paulista;440,0;440 kV;EPE — Base Existente;2026-10-07
449;LT 230 kV Ventos do Piauí III - Curral Novo do Piauí II, C1;-;230,0;230 kV;EPE — Base Existente;2026-10-07
450;LT 230 kV Barreiras II - Dianópolis II, C1;ENERG TOCANTINS - ENERGISA TOCANTINS TRANSMISSORA DE ENERGIA S.A.;230,0;230 kV;EPE — Base Existente;2026-10-07
451;LT 230 kV Curral Novo do Piauí II - São Basílio, C1;EOL BRITE - Central Eólica Brite Ltda;230,0;230 kV;EPE — Base Existente;2026-10-07
452;LT 500 kV Açailândia - Presidente Dutra, C1;EATE - Empresa Amazonense de Transmissão de Energia S.A.;500,0;500 kV;EPE — Base Existente;2026-10-07
453;LT 230 kV Atlântica - Osório 2, C1;-;230,0;230 kV;EPE — Base Existente;2026-10-07
454;LT 230 kV Garanhuns II - Paulo Afonso III, C3;CHESF - CHESF - Companhia Hidro Elétrica do São Francisco;230,0;230 kV;EPE — Base Existente;2026-10-07
455;LT 230 kV Cerro Chato - Livramento 2, C1;ELETROSUL - ELETROSUL Centrais Elétricas S.A.;230,0;230 kV;EPE — Base Existente;2026-10-07
456;LT 230 kV Cidade Industrial - Gravataí 2, C3;CEEE GT - Companhia Estadual de Geração e Transmissão de Energia Elétrica;230,0;230 kV;EPE — Base Existente;2026-10-07
457;LT 345 kV Itumbiara - Monte Alegre de Minas 2, C1;FURNAS - Furnas Centrais Elétricas S.A.;345,0;345 kV;EPE — Base Existente;2026-10-07
458;LT 500 kV Margem Direita - Foz do Iguaçu, C1;ITAIPU - ITAIPU Binacional;500,0;500 kV;EPE — Base Existente;2026-10-07
459;LT 345 kV Lagos - Macaé Merchan, C1;FURNAS - Furnas Centrais Elétricas S.A.;345,0;345 kV;EPE — Base Existente;2026-10-07
460;LT 440 kV Jupiá - Marechal Rondon, C1;CTEEP - Companhia de Transmissão de Energia Elétrica Paulista;440,0;440 kV;EPE — Base Existente;2026-10-07
461;LT 345 kV Norte - Guarulhos, C1;CTEEP - Companhia de Transmissão de Energia Elétrica Paulista;345,0;345 kV;EPE — Base Existente;2026-10-07
462;LT 230 kV Cachoeira Dourada - Asolo 2, C1;Goyaz Transmissão de Energia S.A;230,0;230 kV;EPE — Base Existente;2026-10-07
463;LT 230 kV Paulo Afonso IV - Paulo Afonso III, C2;CHESF - CHESF - Companhia Hidro Elétrica do São Francisco;230,0;230 kV;EPE — Base Existente;2026-10-07
464;LT 230 kV Coxipó - Nobres, C1;ELETRONORTE - Centrais Elétricas do Norte do Brasil S/A;230,0;230 kV;EPE — Base Existente;2026-10-07
465;LT 500 kV Xingu - Serra Pelada, C1;NOVO ESTADO - NOVO ESTADO TRANSMISSORA DE ENERGIA S.A.;500,0;500 kV;EPE — Base Existente;2026-10-07
466;LT 500 kV Itatiba - Bateias, C1;MSGT - MATA DE SANTA GENEBRA TRANSMISSAO S.A.;500,0;500 kV;EPE — Base Existente;2026-10-07
467;LT 230 kV Governador Parigot Souza - UHE Parigot Souza, C4;Não informado;230,0;230 kV;EPE — Base Existente;2026-10-07
468;LT 345 kV Atibaia II - Mogi das Cruzes, C1;FURNAS - Furnas Centrais Elétricas S.A.;345,0;345 kV;EPE — Base Existente;2026-10-07
469;LT 230 kV Cacimbas - Ibiapina II, C1;BONS VENTOS CACIMBAS - GERADORA EOLICA BONS VENTOS DA SERRA 2 S.A.;230,0;230 kV;EPE — Base Existente;2026-10-07
470;LT 230 kV Santo Antônio de Jesus - Funil, C2;CHESF - CHESF - Companhia Hidro Elétrica do São Francisco;230,0;230 kV;EPE — Base Existente;2026-10-07
471;LT 230 kV Carajás - Serra Norte, C2;Não informado;230,0;230 kV;EPE — Base Existente;2026-10-07
472;Ramal LT 230 kV Cícero Dantas - Catu C2 - SE Olindina C2;CHESF - CHESF - Companhia Hidro Elétrica do São Francisco;230,0;230 kV;EPE — Base Existente;2026-10-07
473;LT 500 kV Paracatu 4 - Pirapora 2, C1;SPTE - Serra Paracatu Transmissora de Energia S/A.;500,0;500 kV;EPE — Base Existente;2026-10-07
474;LT 230 kV Campo Comprido - Pìlarzinho, C1;COPEL-GT - COPEL GERAÇÃO E TRANSMISSÃO S.A;230,0;230 kV;EPE — Base Existente;2026-10-07
475;LT 345 kV Santos Dumont 2 - Leopoldina 2, C1;TRANSMISSORA RIO-MINAS SPE S/A;345,0;345 kV;EPE — Base Existente;2026-10-07
476;LT 525 kV Salto Caxias - UHE Governador José Richa, C3;Não informado;525,0;525 kV;EPE — Base Existente;2026-10-07
477;LT 525 kV Salto Santiago - Segredo, C1;ELETROSUL - ELETROSUL Centrais Elétricas S.A.;525,0;525 kV;EPE — Base Existente;2026-10-07
478;LT 525 kV Blumenau - Campos Novos, C1;ECTE - Empresa Catarinense de Transmissáo de Energia S.A.;525,0;525 kV;EPE — Base Existente;2026-10-07
479;LT 525 kV Areia - Bateias, C1;ELETROSUL - ELETROSUL Centrais Elétricas S.A.;525,0;525 kV;EPE — Base Existente;2026-10-07
480;LT 230 kV Vale do Açu - Açu II, C1;TERMOAÇU - Termoaçú S. A.;230,0;230 kV;EPE — Base Existente;2026-10-07
481;LT 230 kV Jorge Teixeira - Lechuga, C3;ELETRONORTE - Centrais Elétricas do Norte do Brasil S/A;230,0;230 kV;EPE — Base Existente;2026-10-07
482;LT 500 kV Curral Novo do Piauí II - Milagres II, C1;IRACEMA - IRACEMA TRANSMISSORA DE ENRGIA S.A;500,0;500 kV;EPE — Base Existente;2026-10-07
483;LT 600 kV CC Foz do Iguaçu - Ibiúna, C1;Furnas Centrais Elétricas S.A.;600,0;600 kV;EPE — Base Existente;2026-10-07
484;LT 230 kV Abdon Batista - Barra Grande, C1;STC - STC - Sistema de Transmissão Catarinense S.A.;230,0;230 kV;EPE — Base Existente;2026-10-07
485;LT 500 kV Bom Jesus da Lapa II - Igaporã III, C1;TAESA - TRANSMISSORA ALIANÇA DE ENERGIA ELÉTRICA S A;500,0;500 kV;EPE — Base Existente;2026-10-07
486;LT 230 kV Paulo Afonso III - Itabaiana, C1;CHESF - CHESF - Companhia Hidro Elétrica do São Francisco;230,0;230 kV;EPE — Base Existente;2026-10-07
487;LT 440 kV Jupiá - Marechal Rondon, C2;CTEEP - Companhia de Transmissão de Energia Elétrica Paulista;440,0;440 kV;EPE — Base Existente;2026-10-07
488;LT 230 kV Braúnas - Itabira 2, C1;CEMIG GT - CEMIG GERAÇÃO E TRANSMISSÃO S.A;230,0;230 kV;EPE — Base Existente;2026-10-07
489;LT 500 kV Jerusalem - Monte Verde, C1;EDP Renováveis Brasil S.A.;500,0;500 kV;EPE — Base Existente;2026-10-07
490;LT 230 kV UHE Dardanelos - Dardanelos, C4;Não informado;230,0;230 kV;EPE — Base Existente;2026-10-07
491;LT 230 kV Imperatriz - UTE Suzano, C1;SUZANO - Suzano Papel e Celulose SA;230,0;230 kV;EPE — Base Existente;2026-10-07
492;LT 500 kV UHE Estreito - Estreito, C3;Não informado;500,0;500 kV;EPE — Base Existente;2026-10-07
493;LT 230 kV Cruz Alta 2 - Ijuí 2, C1;CEEE-T - COMPANHIA ESTADUAL DE TRANSMISSÃO DE ENERGIA ELETRICA - CEEE-T;230,0;230 kV;EPE — Base Existente;2026-10-07
494;LT 525 kV Campos Novos - Caxias Norte, C1;ELETROSUL - ELETROSUL Centrais Elétricas S.A.;525,0;525 kV;EPE — Base Existente;2026-10-07
495;LT 230 kV Passo Fundo - Guarita, C1;CEEE GT - Companhia Estadual de Geração e Transmissão de Energia Elétrica;230,0;230 kV;EPE — Base Existente;2026-10-07
496;LT 500 kV Adrianópolis - Terminal Rio, C2;FURNAS - Furnas Centrais Elétricas S.A.;500,0;500 kV;EPE — Base Existente;2026-10-07
497;LT 500 kV Ibicoara - Sapeaçu, C1;TAESA - TRANSMISSORA ALIANÇA DE ENERGIA ELÉTRICA S A;500,0;500 kV;EPE — Base Existente;2026-10-07
498;LT 345 kV Interlagos - Xavantes, C2;CTEEP - Companhia de Transmissão de Energia Elétrica Paulista;345,0;345 kV;EPE — Base Existente;2026-10-07
499;LT 230 kV Chavantes - Salto Grande, C1;CTEEP - Companhia de Transmissão de Energia Elétrica Paulista;230,0;230 kV;EPE — Base Existente;2026-10-07
500;LT 525 kV Ivaiporã - Salto Santiago, C1;ELETROSUL - ELETROSUL Centrais Elétricas S.A.;525,0;525 kV;EPE — Base Existente;2026-10-07
501;LT 230 kV Cerro Chato - Livramento 3, C1;SANTANA - SANT’ANA TRANSMISSORA DE ENERGIA ELÉTRICA S.A.;230,0;230 kV;EPE — Base Existente;2026-10-07
502;LT 230 kV Barão de Cocais 3 - São Bento Mineração, C1;-;230,0;230 kV;EPE — Base Existente;2026-10-07
503;LT 500 kV Babilônia Centro - Ourolândia II, C1;Não informado;500,0;500 kV;EPE — Base Existente;2026-10-07
504;LT 230 kV Camaçari II - Matatu, C1;CHESF - CHESF - Companhia Hidro Elétrica do São Francisco;230,0;230 kV;EPE — Base Existente;2026-10-07
505;LT 345 kV Xavantes - Bandeirantes, C1;CTEEP - Companhia de Transmissão de Energia Elétrica Paulista;345,0;345 kV;EPE — Base Existente;2026-10-07
506;LT 230 kV Norfil - Cia de Cimentos da Paraíba, C1;Não informado;230,0;230 kV;EPE — Base Existente;2026-10-07
507;LT 345 kV Bandeirantes - Samambaia, C1;FURNAS - Furnas Centrais Elétricas S.A.;345,0;345 kV;EPE — Base Existente;2026-10-07
508;LT 230 kV Aimorés - Mascarenhas, C1;EVRECY - EVRECY PARTICIPAÇÕES LTDA;230,0;230 kV;EPE — Base Existente;2026-10-07
509;LT 230 kV Gentio do Ouro I - Irecê, C1;ASSURUÁ II - PARQUE EOLICO ASSURUA II S.A.;230,0;230 kV;EPE — Base Existente;2026-10-07
510;LT 230 kV Jataí - Rio Verde Norte, C2 (CD);ENERGISA GOIÁS - ENERGISA GOIÁS TRANSMISSORA DE ENERGIA I SA;230,0;230 kV;EPE — Base Existente;2026-10-07
511;LT 230 kV Ipatinga 1 - Mesquita, C3;CEMIG GT - CEMIG GERAÇÃO E TRANSMISSÃO S.A;230,0;230 kV;EPE — Base Existente;2026-10-07
512;LT 230 kV Governador Valadares 6 - Governador Valadares 2, C1;CEMIG GT - CEMIG GERAÇÃO E TRANSMISSÃO S.A;230,0;230 kV;EPE — Base Existente;2026-10-07
513;LT 230 kV Bom Jesus da Lapa II - Bom Jesus da Lapa, C2;TAESA - TRANSMISSORA ALIANÇA DE ENERGIA ELÉTRICA S A;230,0;230 kV;EPE — Base Existente;2026-10-07
514;LT 230 kV Niquelândia - Codemin C1;-;230,0;230 kV;EPE — Base Existente;2026-10-07
515;LT 500 kV Ceará Mirim II - João Câmara III, C1;ETN - EXTREMOZ TRANSMISSORA DO NORDESTE;500,0;500 kV;EPE — Base Existente;2026-10-07
516;LT 230 kV João Pessoa II - Santa Rita II, C2;CHESF - CHESF - Companhia Hidro Elétrica do São Francisco;230,0;230 kV;EPE — Base Existente;2026-10-07
517;LT 500 kV Paranaíta - Teles Pires, C1;TELES PIRES - COMPANHIA HIDRELETRICA TELES PIRES;500,0;500 kV;EPE — Base Existente;2026-10-07
518;LT 345 kV UTE GNA I - Campos, C1;-;345,0;345 kV;EPE — Base Existente;2026-10-07
519;LT 500 kV Buritirama - Gentio do Ouro II, C1;TJMME - TRANSMISSORA JOSE MARIA DE MACEDO DE ELETRICIDADE S.A.;500,0;500 kV;EPE — Base Existente;2026-10-07
520;LT 500 kV Ibiúna - Bateias, C1;FURNAS - Furnas Centrais Elétricas S.A.;500,0;500 kV;EPE — Base Existente;2026-10-07
521;LT 440 kV Santa Bárbara D'Oeste - Sumaré, C1;CTEEP - Companhia de Transmissão de Energia Elétrica Paulista;440,0;440 kV;EPE — Base Existente;2026-10-07
522;LT 230 kV Edgard Souza - Pirituba, C1;CTEEP - Companhia de Transmissão de Energia Elétrica Paulista;230,0;230 kV;EPE — Base Existente;2026-10-07
523;LT 230 kV Joinville - Vega do Sul C2;-;230,0;230 kV;EPE — Base Existente;2026-10-07
524;LT 230 kV Henry Borden - Manoel da Nóbrega, C1 (CD);Não informado;230,0;230 kV;EPE — Base Existente;2026-10-07
525;LT 525 kV Londrina (ESU) - Assis, C2;COPEL-GT - COPEL GERAÇÃO E TRANSMISSÃO S.A;525,0;525 kV;EPE — Base Existente;2026-10-07
526;LT 440 kV Araraquara CTP - Mogi Mirim 3, C1;CTEEP - Companhia de Transmissão de Energia Elétrica Paulista;440,0;440 kV;EPE — Base Existente;2026-10-07
527;LT 345 kV Baixada Santista - Domênico Rangoni, C1;CTEEP - Companhia de Transmissão de Energia Elétrica Paulista;345,0;345 kV;EPE — Base Existente;2026-10-07
528;LT 230 kV Irati Norte - Ponta Grossa, C2;GRALHA AZUL - GRALHA AZUL TRANSMISSÃO DE ENERGIA S.A.;230,0;230 kV;EPE — Base Existente;2026-10-07
529;LT 500 kV Monte Verde - Açu III, C1;ESPERANZA - ESPERANZA TRANSMISSORA DE ENERGIA S.A.;500,0;500 kV;EPE — Base Existente;2026-10-07
530;LT 230 kV Carajás - Integradora, C1;ELETRONORTE - Centrais Elétricas do Norte do Brasil S/A;230,0;230 kV;EPE — Base Existente;2026-10-07
531;LT 765 kV Itaberá - Ivaiporã, C2;Furnas Centrais Elétricas S.A.;765,0;765 kV;EPE — Base Existente;2026-10-07
532;LT 230 kV UHE Foz do Chapecó -  Foz do Chapecó, C3;Não informado;230,0;230 kV;EPE — Base Existente;2026-10-07
533;LT 525 kV Biguaçu - Siderópolis 2, C1;EDP ALIANCA - EDP TRANSMISSAO ALIANCA SC S.A.;525,0;525 kV;EPE — Base Existente;2026-10-07
534;LT 230 kV João Pessoa II - Mussuré II, C2;CHESF - CHESF - Companhia Hidro Elétrica do São Francisco;230,0;230 kV;EPE — Base Existente;2026-10-07
535;LT 230 kV Bongi - Joairam, C2;CHESF - CHESF - Companhia Hidro Elétrica do São Francisco;230,0;230 kV;EPE — Base Existente;2026-10-07
536;LT 230 kV Paulo Afonso III - Zebu, C1;CHESF - CHESF - Companhia Hidro Elétrica do São Francisco;230,0;230 kV;EPE — Base Existente;2026-10-07
537;LT 230 kV Ariquemes - Ji-Paraná, C4;ARGO III TRANSMISSÃO DE ENERGIA S.A - ARGO III;230,0;230 kV;EPE — Base Existente;2026-10-07
538;LT 230 kV Babilônia Sul - Ourolândia II, C1;CVER;230,0;230 kV;EPE — Base Existente;2026-10-07
539;LT 345 kV Viana - Viana 2, C1;MGE TRA - MGE TRANSMISSO SA;345,0;345 kV;EPE — Base Existente;2026-10-07
540;LT 500 kV Itabirito 2 - Ouro Preto 2, C1;CEMIG GT - CEMIG GERAÇÃO E TRANSMISSÃO S.A;500,0;500 kV;EPE — Base Existente;2026-10-07
541;LT 230 kV Chapadão - Inocência, C3;ITATIM - Linhas de Transmissão Itatim Ldta;230,0;230 kV;EPE — Base Existente;2026-10-07
542;LT 230 kV GV do Brasil - Taubaté, C1;CTEEP - Companhia de Transmissão de Energia Elétrica Paulista;230,0;230 kV;EPE — Base Existente;2026-10-07
543;LT 230 kV Ponte de Pedra - Rondonópolis, C1;ENGIE - ENGIE BRASIL ENERGIA SA;230,0;230 kV;EPE — Base Existente;2026-10-07
544;LT 230 kV Uberaba - Umbará, C1;COPEL-GT - COPEL GERAÇÃO E TRANSMISSÃO S.A;230,0;230 kV;EPE — Base Existente;2026-10-07
545;LT 500 kV Messias - Suape II, C1;CHESF - CHESF - Companhia Hidro Elétrica do São Francisco;500,0;500 kV;EPE — Base Existente;2026-10-07
546;LT 230 kV Mossoró II - Mossoró IV, C1;CHESF - CHESF - Companhia Hidro Elétrica do São Francisco;230,0;230 kV;EPE — Base Existente;2026-10-07
547;LT 500 kV Silves - Lechuga, C1;MANAUS TR - MANAUS TRANSMISSORA DE ENERGIA S.A;500,0;500 kV;EPE — Base Existente;2026-10-07
548;LT 230 kV Gravataí 2 - Gravataí, C3;CEEE-T - COMPANHIA ESTADUAL DE TRANSMISSÃO DE ENERGIA ELETRICA - CEEE-T;230,0;230 kV;EPE — Base Existente;2026-10-07
549;LT 500 kV Milagres II - Queimada Nova II, C1;RIALMA III - RIALMA TRANSMISSORA DE ENERGIA III S/A;500,0;500 kV;EPE — Base Existente;2026-10-07
550;LT 500 kV Juazeiro III - Futura, C1;CHESF - CHESF - Companhia Hidro Elétrica do São Francisco;500,0;500 kV;EPE — Base Existente;2026-10-07
551;LT 230 kV Barão de Cocais 3 - Brucutu, C1;-;230,0;230 kV;EPE — Base Existente;2026-10-07
552;LT 230 kV Abdon Batista - Videira, C1 (CD);Não informado;230,0;230 kV;EPE — Base Existente;2026-10-07
553;LT 230 kV Santa Maria 3 - Santo Ângelo 2, C1;SANTA MARIA TRANS - SPE SANTA MARIA TRANSMISSORA DE ENERGIA S.A.;230,0;230 kV;EPE — Base Existente;2026-10-07
554;LT 500 kV Paulo Afonso IV - UHE Paulo Afonso IV, C5;CHESF - CHESF - Companhia Hidro Elétrica do São Francisco;500,0;500 kV;EPE — Base Existente;2026-10-07
555;LT 500 kV Acaraú III - Tianguá II, C1;ARGO - Argo Transmissão de Energia SA;500,0;500 kV;EPE — Base Existente;2026-10-07
556;LT 500 kV Tianguá II - Sobral III, C2;STN - SISTEMA DE TRANSMISSÃO NORDESTE S.A.;500,0;500 kV;EPE — Base Existente;2026-10-07
557;LT 230 kV Angelim - Ribeirão, C1;CHESF - CHESF - Companhia Hidro Elétrica do São Francisco;230,0;230 kV;EPE — Base Existente;2026-10-07
558;LT 230 kV UHE Lajeado - Lajeado, C2;Não informado;230,0;230 kV;EPE — Base Existente;2026-10-07
559;LT 525 kV Ivaiporã - Ivaiporã (Furnas), C1;ELETROSUL - ELETROSUL Centrais Elétricas S.A.;525,0;525 kV;EPE — Base Existente;2026-10-07
560;LT 230 kV Alegrete 2 - São Vicente do Sul, C1;CEEE GT - Companhia Estadual de Geração e Transmissão de Energia Elétrica;230,0;230 kV;EPE — Base Existente;2026-10-07
561;LT 230 kV Castertech - Caxias do Sul 2, C1;CEEE GT - Companhia Estadual de Geração e Transmissão de Energia Elétrica;230,0;230 kV;EPE — Base Existente;2026-10-07
562;LT 500 kV UTE Maranhão III - Parnaíba, C3;Não informado;500,0;500 kV;EPE — Base Existente;2026-10-07
563;LT 230 kV Sobral II - Sobral III, C1;CHESF - CHESF - Companhia Hidro Elétrica do São Francisco;230,0;230 kV;EPE — Base Existente;2026-10-07
564;LT 230 kV Serra Azul - Morro do Chapéu II, C1;DAMASCENA - Enel Green Power Damascena Eólica SA;230,0;230 kV;EPE — Base Existente;2026-10-07
565;LT 440 kV Ilha Solteira - Mirassol II, C2;CTEEP - Companhia de Transmissão de Energia Elétrica Paulista;440,0;440 kV;EPE — Base Existente;2026-10-07
566;LT 230 kV Londrina (ESUL) - Figueira, C2;COPEL-GT - COPEL GERAÇÃO E TRANSMISSÃO S.A;230,0;230 kV;EPE — Base Existente;2026-10-07
567;LT 230 kV Funil - Poções II, C1;AFLUENTE - AFLUENTE TRANSMISSÃO DE ENERGIA ELÉTRICA S.A.;230,0;230 kV;EPE — Base Existente;2026-10-07
568;LT 230 kV Londrina (ESUL) - Maringá, C2;ATE V - ATE V - Londrina Transmissora de Energia S.A.;230,0;230 kV;EPE — Base Existente;2026-10-07
569;LT 230 kV Biguaçu - Jorge Lacerda B, C1;ELETROSUL - ELETROSUL Centrais Elétricas S.A.;230,0;230 kV;EPE — Base Existente;2026-10-07
570;LT 525 kV Gaspar 2 - Blumenau, C1;ELETROSUL - ELETROSUL Centrais Elétricas S.A.;525,0;525 kV;EPE — Base Existente;2026-10-07
571;LT 230 kV UTE Porto do Pecém II - Energia Pecém, C1;Não informado;230,0;230 kV;EPE — Base Existente;2026-10-07
572;LT 500 kV Belo Monte - Xingu, C3;NORTE ENERGIA SA - NORTE ENERGIA SA;500,0;500 kV;EPE — Base Existente;2026-10-07
573;LT 230 kV UTE Uruguaiana - Maçambará, C1;TAESA - TRANSMISSORA ALIANÇA DE ENERGIA ELÉTRICA S A;230,0;230 kV;EPE — Base Existente;2026-10-07
574;LT 500 kV Nova Olinda - São João do Piauí, C1;N OLINDA NORTE SOLAR - ENEL GREEN POWER NOVA OLINDA NORTE SOLAR S.A.;500,0;500 kV;EPE — Base Existente;2026-10-07
575;LT 230 kV E1 - Floresta II, C1;-;230,0;230 kV;EPE — Base Existente;2026-10-07
576;LT 230 kV Cotegipe - Matatu, C1;CHESF - CHESF - Companhia Hidro Elétrica do São Francisco;230,0;230 kV;EPE — Base Existente;2026-10-07
577;LT 230 kV Barra dos Coqueiros - UHE Salto, C1;RIO VERDE - Rio Verde Energia S/A;230,0;230 kV;EPE — Base Existente;2026-10-07
578;LT 500 kV São Simão - UHE São Simão, C1;CEMIG GT - CEMIG GERAÇÃO E TRANSMISSÃO S.A;500,0;500 kV;EPE — Base Existente;2026-10-07
579;LT 345 kV Anhanguera - Milton Fornasaro, C1;CTEEP - Companhia de Transmissão de Energia Elétrica Paulista;345,0;345 kV;EPE — Base Existente;2026-10-07
580;LT 230 kV UHE Apolônio Sales - Paulo Afonso III, C2;CHESF - CHESF - Companhia Hidro Elétrica do São Francisco;230,0;230 kV;EPE — Base Existente;2026-10-07
581;LT 500 kV Serra do Seridó - Santa Luzia II, C1;Parque Eolico Serra do Serido II S.A.;500,0;500 kV;EPE — Base Existente;2026-10-07
582;LT 230 kV Mossoró II - Quixeré, C1;CHESF - CHESF - Companhia Hidro Elétrica do São Francisco;230,0;230 kV;EPE — Base Existente;2026-10-07
583;LT 230 kV Mirueira II - Pau Ferro, C2;CHESF - CHESF - Companhia Hidro Elétrica do São Francisco;230,0;230 kV;EPE — Base Existente;2026-10-07
584;LT 500 kV Lechuga - Equador, C1 (CD);Não informado;500,0;500 kV;EPE — Base Existente;2026-10-07
585;LT 345 kV Barreiro 1 - Sarzedo, C1;FURNAS - Furnas Centrais Elétricas S.A.;345,0;345 kV;EPE — Base Existente;2026-10-07
586;LT 500 kV Marimbondo 2 - Rio Verde Norte, C1;GTE - Guaraciaba Transmissora de Energia S A;500,0;500 kV;EPE — Base Existente;2026-10-07
587;LT 500 kV UHE Emborcação - Emborcação, C2;Não informado;500,0;500 kV;EPE — Base Existente;2026-10-07
588;LT 230 kV Campo Comprido - Cidade Industrial de Curitiba, C1;COPEL-GT - COPEL GERAÇÃO E TRANSMISSÃO S.A;230,0;230 kV;EPE — Base Existente;2026-10-07
589;LT 500 kV Camaçari IV - Jardim, C1;CHESF - CHESF - Companhia Hidro Elétrica do São Francisco;500,0;500 kV;EPE — Base Existente;2026-10-07
590;LT 345 kV Barro Branco - Padre Fialho, C1;FURNAS - Furnas Centrais Elétricas S.A.;345,0;345 kV;EPE — Base Existente;2026-10-07
591;LT 500 kV Margem Direita - Foz do Iguaçu, C3;ITAIPU - ITAIPU Binacional;500,0;500 kV;EPE — Base Existente;2026-10-07
592;LT 500 kV Araraquara II - Fernão Dias, C1;MSGT - MATA DE SANTA GENEBRA TRANSMISSAO S.A.;500,0;500 kV;EPE — Base Existente;2026-10-07
593;LT 230 kV Bateias - Pilarzinho, C1;COPEL-GT - COPEL GERAÇÃO E TRANSMISSÃO S.A;230,0;230 kV;EPE — Base Existente;2026-10-07
594;LT 230 kV Itaúba - Santa Cruz 1, C1;CEEE GT - Companhia Estadual de Geração e Transmissão de Energia Elétrica;230,0;230 kV;EPE — Base Existente;2026-10-07
595;LT 230 kV Coletora Porto Velho - Porto Velho, C2;ELETRONORTE - Centrais Elétricas do Norte do Brasil S/A;230,0;230 kV;EPE — Base Existente;2026-10-07
596;LT 500 kV Colinas - Miracema, C2;TAESA - TRANSMISSORA ALIANÇA DE ENERGIA ELÉTRICA S A;500,0;500 kV;EPE — Base Existente;2026-10-07
597;LT 500 kV Milagres - Milagres II, C2;IRACEMA - IRACEMA TRANSMISSORA DE ENRGIA S.A;500,0;500 kV;EPE — Base Existente;2026-10-07
598;LT 230 kV Anhanguera - Bandeirantes, C1;EDP GOIAS - EDP TRANSMISSÃO GOIÁS S.A.;230,0;230 kV;EPE — Base Existente;2026-10-07
599;LT 500 kV Luziânia - Paracatu 4, C1;SMTE - Serra da Mesa Transmissora de Energia S/A.;500,0;500 kV;EPE — Base Existente;2026-10-07
600;LT 440 kV Cloud HQ - Replan, C1;Não informado;440,0;440 kV;EPE — Base Existente;2026-10-07
601;LT 525 kV Guaíba 3 - Nova Santa Rita, C1;CGT ELETROSUL - COMPANHIA DE GERAÇÃO E TRANSMISSÃO DE ENERGIA ELÉTRICA DO SUL D;525,0;525 kV;EPE — Base Existente;2026-10-07
602;LT 230 kV Termonorte II - Porto Velho, C1;TERMONORTE - Termo Norte Energia Ltda;230,0;230 kV;EPE — Base Existente;2026-10-07
603;LT 500 kV Serra Pelada - Miracema, C1;NOVO ESTADO - NOVO ESTADO TRANSMISSORA DE ENERGIA S.A.;500,0;500 kV;EPE — Base Existente;2026-10-07
604;LT 345 kV UTE Norte Fluminense - Macaé Merchant, C2;NORTE FLUMINENSE - Usina Termelétrica Norte Fluminense S/A;345,0;345 kV;EPE — Base Existente;2026-10-07
605;LT 440 kV Fernão Dias - Taubaté, C1;CTEEP - Companhia de Transmissão de Energia Elétrica Paulista;440,0;440 kV;EPE — Base Existente;2026-10-07
606;LT 230 kV Carbocloro - Henry Borden, C1;CTEEP - Companhia de Transmissão de Energia Elétrica Paulista;230,0;230 kV;EPE — Base Existente;2026-10-07
607;LT 230 kV Ipatinga 1 - Mesquita, C2;CEMIG GT - CEMIG GERAÇÃO E TRANSMISSÃO S.A;230,0;230 kV;EPE — Base Existente;2026-10-07
608;LT 345 kV UHE Corumbá - Corumbá, C3;Não informado;345,0;345 kV;EPE — Base Existente;2026-10-07
609;LT 230 kV Caetité A - Igaporã II, C1;CAETITE A - EOLICA CAETITE A S.A.;230,0;230 kV;EPE — Base Existente;2026-10-07
610;LT 230 kV Londrina (ESUL) - Figueira, C1;COPEL-GT - COPEL GERAÇÃO E TRANSMISSÃO S.A;230,0;230 kV;EPE — Base Existente;2026-10-07
611;LT 525 kV Cascavel Oeste - Foz do Iguaçu, C1;COPEL-GT - COPEL GERAÇÃO E TRANSMISSÃO S.A;525,0;525 kV;EPE — Base Existente;2026-10-07
612;LT 500 kV Tijuco Preto - Taubaté, C1;FURNAS - Furnas Centrais Elétricas S.A.;500,0;500 kV;EPE — Base Existente;2026-10-07
613;LT 230 kV Balbina - Lechuga, C1;AMAZONAS GT - AMAZONAS GERAÇÃO E TRANSMISSÃO DE ENERGIA SA;230,0;230 kV;EPE — Base Existente;2026-10-07
614;LT 230 kV São Luís II - Alumar, C1;-;230,0;230 kV;EPE — Base Existente;2026-10-07
615;LT 230 kV Jorge Teixeira - Lechuga, C2;ELETRONORTE - Centrais Elétricas do Norte do Brasil S/A;230,0;230 kV;EPE — Base Existente;2026-10-07
616;LT 345 kV Lagos - Macaé Merchan, C2;TRANSMISSORA LAGOS SPE S.A;345,0;345 kV;EPE — Base Existente;2026-10-07
617;LT 230 kV Imbirussú - Rio Brilhante, C1;PORTO PRIMAVERA - Porto Primavera Transmissora de Energia S/A.;230,0;230 kV;EPE — Base Existente;2026-10-07
618;LT 230 kV Rio Claro 2 - Rondonópolis, C1;FURNAS - Furnas Centrais Elétricas S.A.;230,0;230 kV;EPE — Base Existente;2026-10-07
619;LT 500 kV Marimbondo - Marimbondo 2, C3;RPTE - Ribeirão Preto Transmissora de Energia S/A.;500,0;500 kV;EPE — Base Existente;2026-10-07
620;LT 345 kV Itutinga - Varginha 4, C1;FURNAS - Furnas Centrais Elétricas S.A.;345,0;345 kV;EPE — Base Existente;2026-10-07
621;LT 345 kV Presidente Juscelino - Sete Lagoas 4, C1;MANTIQUEIRA TRANSMIS - MANTIQUEIRA TRANSMISSORA DE ENERGIA S.A.;345,0;345 kV;EPE — Base Existente;2026-10-07
622;LT 230 kV Piratininga - Interlagos, C2;CTEEP - Companhia de Transmissão de Energia Elétrica Paulista;230,0;230 kV;EPE — Base Existente;2026-10-07
623;LT 230 kV Presidente Médici - Quinta, C1;CEEE GT - Companhia Estadual de Geração e Transmissão de Energia Elétrica;230,0;230 kV;EPE — Base Existente;2026-10-07
624;LT 525 kV UHE Machadinho - Machadinho, C3;Não informado;525,0;525 kV;EPE — Base Existente;2026-10-07
625;LT 230 kV UHE Balbina - Balbina, C2;Não informado;230,0;230 kV;EPE — Base Existente;2026-10-07
626;LT 500 kV Juazeiro III - Ourolândia II, C1;ETB - ETB EMPRESA DE TRANSMISSAO BAIANA S.A.;500,0;500 kV;EPE — Base Existente;2026-10-07
627;LT 230 kV Pirapama II - Arlanxeo, C1;Não informado;230,0;230 kV;EPE — Base Existente;2026-10-07
628;LT 230 kV Teresina - Piripiri, C1;CHESF - CHESF - Companhia Hidro Elétrica do São Francisco;230,0;230 kV;EPE — Base Existente;2026-10-07
629;LT 230 kV Porto Velho - Abunã, C3;Não informado;230,0;230 kV;EPE — Base Existente;2026-10-07
630;LT 230 kV Garanhuns II - Paulo Afonso III, C4;CHESF - CHESF - Companhia Hidro Elétrica do São Francisco;230,0;230 kV;EPE — Base Existente;2026-10-07
631;LT 345 kV Montes Claros 2 - Pirapora 2, C1;MONTES CLAROS - LINHAS DE TRANSMISSAO DE MONTES CLAROS LTDA;345,0;345 kV;EPE — Base Existente;2026-10-07
632;LT 230 kV Brasilia Sul - Águas Lindas, C1;FURNAS - Furnas Centrais Elétricas S.A.;230,0;230 kV;EPE — Base Existente;2026-10-07
633;LT 230 kV Calcário - Quixeré, C1;APODI I - APODI I ENERGIA SPE S/A;230,0;230 kV;EPE — Base Existente;2026-10-07
634;LT 345 kV Barbacena 2 - Santos Dumont 2, C1;CEMIG GT - CEMIG GERAÇÃO E TRANSMISSÃO S.A;345,0;345 kV;EPE — Base Existente;2026-10-07
635;LT 230 kV Nova Porto Primavera - Rosana, C1 (CD);IE TIBAGI - INTERLIGAÇÃO ELÉTRICA TIBAGI S.A.;230,0;230 kV;EPE — Base Existente;2026-10-07
636;LT 230 kV Assis - Paraguaçu Paulista 2, C2;COPEL-GT - COPEL GERAÇÃO E TRANSMISSÃO S.A;230,0;230 kV;EPE — Base Existente;2026-10-07
637;LT 345 kV Itutinga (Furnas) - Itutinga (Cemig), C2;FURNAS - Furnas Centrais Elétricas S.A.;345,0;345 kV;EPE — Base Existente;2026-10-07
638;LT 230 kV Rondonópolis - Coxipó, C2;ELETRONORTE - Centrais Elétricas do Norte do Brasil S/A;230,0;230 kV;EPE — Base Existente;2026-10-07
639;LT 230 kV Messias - Rio Largo II, C2;CHESF - CHESF - Companhia Hidro Elétrica do São Francisco;230,0;230 kV;EPE — Base Existente;2026-10-07
640;LT 230 kV Integradora - Mineração Sossego, C1;-;230,0;230 kV;EPE — Base Existente;2026-10-07
641;LT 230 kV São Luís II - São Luís III, C2;CHESF - CHESF - Companhia Hidro Elétrica do São Francisco;230,0;230 kV;EPE — Base Existente;2026-10-07
642;LT 230 kV Curitiba - Joinvile Norte, C1;ELETROSUL - ELETROSUL Centrais Elétricas S.A.;230,0;230 kV;EPE — Base Existente;2026-10-07
643;LT 500 kV Colinas - Ribeiro Gonçalves, C1;TAESA - TRANSMISSORA ALIANÇA DE ENERGIA ELÉTRICA S A;500,0;500 kV;EPE — Base Existente;2026-10-07
644;LT 230 kV UHE Dardanelos - Dardanelos, C2;Não informado;230,0;230 kV;EPE — Base Existente;2026-10-07
645;LT 230 kV Paulo Afonso IV - Paulo Afonso III, C1;CHESF - CHESF - Companhia Hidro Elétrica do São Francisco;230,0;230 kV;EPE — Base Existente;2026-10-07
646;LT 230 kV Itumbiara - Cachoeira Dourada, C1;FURNAS - Furnas Centrais Elétricas S.A.;230,0;230 kV;EPE — Base Existente;2026-10-07
647;LT 500 kV Angelim II - Garanhuns II, C1;CHESF - CHESF - Companhia Hidro Elétrica do São Francisco;500,0;500 kV;EPE — Base Existente;2026-10-07
648;LT 230 kV Paulo Afonso III - UHE Paulo Afonso III, C1;CHESF - CHESF - Companhia Hidro Elétrica do São Francisco;230,0;230 kV;EPE — Base Existente;2026-10-07
649;LT 230 kV Jaguaruana II - Mossoró IV, C1 (CD);Não informado;230,0;230 kV;EPE — Base Existente;2026-10-07
650;LT 230 kV Miranda II - Peritoró, C1;ELETRONORTE - Centrais Elétricas do Norte do Brasil S/A;230,0;230 kV;EPE — Base Existente;2026-10-07
651;LT 230 kV Praia Formosa - Massapê II, C1;FORMOSA - EÓLICA FORMOSA LTDA;230,0;230 kV;EPE — Base Existente;2026-10-07
652;LT 800 kV CC Xingu - Terminal Rio, C2;XRTE - XINGU RIO TRANSMISSORA DE ENERGIA S.A.;800,0;800 kV;EPE — Base Existente;2026-10-07
653;LT 230 kV UHE Jayme Canet Junior - Mauá, C3;Não informado;230,0;230 kV;EPE — Base Existente;2026-10-07
654;LT 345 kV Furnas - Poços de Caldas, C1;FURNAS - Furnas Centrais Elétricas S.A.;345,0;345 kV;EPE — Base Existente;2026-10-07
655;LT 230 kV Cauípe - Fortaleza II, C1;CHESF - CHESF - Companhia Hidro Elétrica do São Francisco;230,0;230 kV;EPE — Base Existente;2026-10-07
656;LT 230 kV Foz do Chapecó - Xanxerê, C1;Não informado;230,0;230 kV;EPE — Base Existente;2026-10-07
657;LT 230 kV Dourados 2 - Rio Brilhante, C1;EKTT 12-A - EKTT 12-A SERVICOS DE TRANSMISSAO DE ENERGIA ELETRICA SPE S.A.;230,0;230 kV;EPE — Base Existente;2026-10-07
658;LT 500 kV Cláudia - Paranaíta, C1;MATRINCHA - MATRINCHA TRANSMISSORA DE ENERGIA S A;500,0;500 kV;EPE — Base Existente;2026-10-07
659;LT 230 kV Alagoinhas II - Cícero Dantas, C1;CHESF - CHESF - Companhia Hidro Elétrica do São Francisco;230,0;230 kV;EPE — Base Existente;2026-10-07
660;LT 500 kV Recife II - Suape II, C1;CHESF - CHESF - Companhia Hidro Elétrica do São Francisco;500,0;500 kV;EPE — Base Existente;2026-10-07
661;LT 230 kV Campos Novos - UHE Campos Novos, C2;ENERCAN - Campos Novos Energia S.A;230,0;230 kV;EPE — Base Existente;2026-10-07
662;LT 230 kV Campos Novos - Videira, C1;ATE VI - ATE VI - Campos Novos Transmissora de Energia S.A.;230,0;230 kV;EPE — Base Existente;2026-10-07
663;LT 230 kV UHE Cachoeira Caldeirão - UHE Ferreira Gomes, C1;CACHOEIRA CALDEIRAO - EMPRESA DE ENERGIA CACHOEIRA CALDEIRÃO SA;230,0;230 kV;EPE — Base Existente;2026-10-07
664;LT 230 kV Integradora - Xinguara II, C2;ENERGISA PARÁ II - ENERGISA PARÁ TRANSMISSORA DE ENERGIA II S.A.;230,0;230 kV;EPE — Base Existente;2026-10-07
665;LT 500 kV Bacabeira - Miranda II, C1;ELETRONORTE - Centrais Elétricas do Norte do Brasil S/A;500,0;500 kV;EPE — Base Existente;2026-10-07
666;LT 345 kV Monte Alegre de Minas 2 - UHE Porto Colômbia, C1;FURNAS - Furnas Centrais Elétricas S.A.;345,0;345 kV;EPE — Base Existente;2026-10-07
667;LT 230 kV Ponta Grossa - Ponta Grossa Norte, C1;CGT ELETROSUL - Companhia de Geração e Transmissão de Energia Elétrica do Sul do Brasil;230,0;230 kV;EPE — Base Existente;2026-10-07
668;LT 345 kV Interlagos - Embu-Guaçu, C1;CTEEP - Companhia de Transmissão de Energia Elétrica Paulista;345,0;345 kV;EPE — Base Existente;2026-10-07
669;LT 500 kV Serra do Mel - Açu III, C1;VENTOS DE VILA CEARÁ II SPE S.A.;500,0;500 kV;EPE — Base Existente;2026-10-07
670;LT 230 kV Garibaldi 1 - Farroupilha, C1;CEEE GT - Companhia Estadual de Geração e Transmissão de Energia Elétrica;230,0;230 kV;EPE — Base Existente;2026-10-07
671;LT 230 kV Cidade Industrial - Canoas 2, C1;CEEE GT - Companhia Estadual de Geração e Transmissão de Energia Elétrica;230,0;230 kV;EPE — Base Existente;2026-10-07
672;LT 230 kV Camaquã 3 - Pelotas 3, C1;CEEE GT - Companhia Estadual de Geração e Transmissão de Energia Elétrica;230,0;230 kV;EPE — Base Existente;2026-10-07
673;LT 500 kV UHE Marimbondo - Marimbondo, C8;Não informado;500,0;500 kV;EPE — Base Existente;2026-10-07
674;LT 230 kV Bateias - Campo Comprido, C2;COPEL-GT - COPEL GERAÇÃO E TRANSMISSÃO S.A;230,0;230 kV;EPE — Base Existente;2026-10-07
675;LT 500 kV Araraquara FUR  - Campinas, C1;FURNAS - Furnas Centrais Elétricas S.A.;500,0;500 kV;EPE — Base Existente;2026-10-07
676;LT 230 kV Cachoeirinha 3 - Canoas 2, C1;CEEE GT - Companhia Estadual de Geração e Transmissão de Energia Elétrica;230,0;230 kV;EPE — Base Existente;2026-10-07
677;LT 230 kV Guarapuava Oeste - Irati Norte, C1;CGT ELETROSUL - Companhia de Geração e Transmissão de Energia Elétrica do Sul do Brasil;230,0;230 kV;EPE — Base Existente;2026-10-07
678;LT 230 kV Ponta Grossa - Ponta Grossa Sul, C1;GRALHA AZUL - GRALHA AZUL TRANSMISSÃO DE ENERGIA SA;230,0;230 kV;EPE — Base Existente;2026-10-07
679;LT 230 kV Brasnorte - Parecis, C1;EBTE TRA - EMPRESA BRASILEIRA DE TRANSMISSÃO DE ENERGIA S.A;230,0;230 kV;EPE — Base Existente;2026-10-07
680;LT 765 kV Itaberá - Tijuco Preto, C3;Furnas Centrais Elétricas S.A.;765,0;765 kV;EPE — Base Existente;2026-10-07
681;LT 440 kV Bauru - Cabreúva, C1;CTEEP - Companhia de Transmissão de Energia Elétrica Paulista;440,0;440 kV;EPE — Base Existente;2026-10-07
682;LT 230 kV Porto Velho - Abunã, C1;ELETRONORTE - Centrais Elétricas do Norte do Brasil S/A;230,0;230 kV;EPE — Base Existente;2026-10-07
683;LT 500 kV Paulo Afonso IV - Luiz Gonzaga, C1;CHESF - CHESF - Companhia Hidro Elétrica do São Francisco;500,0;500 kV;EPE — Base Existente;2026-10-07
684;LT 230 kV UTE Suape II - Suape II, C1;SUAPE II - Energética Suape II S.A.;230,0;230 kV;EPE — Base Existente;2026-10-07
685;LT 230 kV Anhanguera - Cachoeira Dourada, C1;EDP GOIAS - EDP TRANSMISSÃO GOIÁS S.A.;230,0;230 kV;EPE — Base Existente;2026-10-07
686;LT 230 kV Irecê - Ourolândia II, C1;CHESF - CHESF - Companhia Hidro Elétrica do São Francisco;230,0;230 kV;EPE — Base Existente;2026-10-07
687;LT 230 kV Marituba - Utinga, C2;ELETRONORTE - Centrais Elétricas do Norte do Brasil S/A;230,0;230 kV;EPE — Base Existente;2026-10-07
688;LT 230 kV Recife II - Goianinha, C1;CHESF - CHESF - Companhia Hidro Elétrica do São Francisco;230,0;230 kV;EPE — Base Existente;2026-10-07
689;LT 525 kV UHE Machadinho - Machadinho, C1;Não informado;525,0;525 kV;EPE — Base Existente;2026-10-07
690;LT 440 kV Bauru - Bracell, C1;CTEEP - Companhia de Transmissão de Energia Elétrica Paulista;440,0;440 kV;EPE — Base Existente;2026-10-07
691;LT 230 kV Presidente Médici - Camaquã, C1;CEEE GT - Companhia Estadual de Geração e Transmissão de Energia Elétrica;230,0;230 kV;EPE — Base Existente;2026-10-07
692;LT 500 kV Terminal Rio - Resende, C1;FURNAS - Furnas Centrais Elétricas S.A.;500,0;500 kV;EPE — Base Existente;2026-10-07
693;LT 345 kV Jaguara - Jaguara, C2;CEMIG GT - CEMIG GERAÇÃO E TRANSMISSÃO S.A;345,0;345 kV;EPE — Base Existente;2026-10-07
694;LT 230 kV Itiquira - UHE Itiquira 2, C2;-;230,0;230 kV;EPE — Base Existente;2026-10-07
695;LT 230 kV Areia - Salto Osório, C2;ELETROSUL - ELETROSUL Centrais Elétricas S.A.;230,0;230 kV;EPE — Base Existente;2026-10-07
696;Ramal LT 230 kV Tucuruí - Altamira C1 - SE Xingú C1;XINGU TRA - LINHAS DE XINGU TRANSMISSORA DE ENERGIA SA;230,0;230 kV;EPE — Base Existente;2026-10-07
697;LT 230 kV Jaguaruana II - Russas II, C1;Não informado;230,0;230 kV;EPE — Base Existente;2026-10-07
698;LT 345 kV UTE Viana - Viana, C1;TEVISA - TERMELÉTRICA VIANA S.A;345,0;345 kV;EPE — Base Existente;2026-10-07
699;LT 230 kV UTE Prosperidade I - Camaçari IV, C1;IMETAME - IMETAME ENERGIA LTDA;230,0;230 kV;EPE — Base Existente;2026-10-07
700;LT 525 kV Areia - Segredo, C1;ELETROSUL - ELETROSUL Centrais Elétricas S.A.;525,0;525 kV;EPE — Base Existente;2026-10-07
701;LT 230 kV Klabin Celulose - Mauá, C1;COPEL-GT - COPEL GERAÇÃO E TRANSMISSÃO S.A;230,0;230 kV;EPE — Base Existente;2026-10-07
702;LT 230 kV UHE Castro Alves - Monte Claro, C1;Não informado;230,0;230 kV;EPE — Base Existente;2026-10-07
703;LT 345 kV Furnas - Pimenta C1;FURNAS - Furnas Centrais Elétricas S.A.;345,0;345 kV;EPE — Base Existente;2026-10-07
704;LT 500 kV Estreito - Ribeirão Preto, C1;PCTE - Poços de Caldas Transmissora de Energia S/A.;500,0;500 kV;EPE — Base Existente;2026-10-07
705;LT 230 kV Messias - Maceió II, C2 (CD);CHESF - CHESF - Companhia Hidro Elétrica do São Francisco;230,0;230 kV;EPE — Base Existente;2026-10-07
706;LT 230 kV Campina Grande III - Extremoz II, C2;CHESF - CHESF - Companhia Hidro Elétrica do São Francisco;230,0;230 kV;EPE — Base Existente;2026-10-07
707;LT 230 kV Piripiri - Teresina III, C1;SITE - SERRA DE IBIAPABA TRANSMISSORA DE ENERGIA S A;230,0;230 kV;EPE — Base Existente;2026-10-07
708;LT 230 kV Ceará Mirim II - João Câmara 2, C2;ESPERANZA - ESPERANZA TRANSMISSORA DE ENERGIA S.A.;230,0;230 kV;EPE — Base Existente;2026-10-07
709;LT 230 kV Jorge Teixeira - Mauá III, C1;AMAZONAS GT - AMAZONAS GERAÇÃO E TRANSMISSÃO DE ENERGIA SA;230,0;230 kV;EPE — Base Existente;2026-10-07
710;LT 230 kV Nossa Senhora do Socorro - Penedo, C2;ETENE - Empresa Transmissora de Energia do Nordeste SA;230,0;230 kV;EPE — Base Existente;2026-10-07
711;LT 230 kV Jandaíra I - João Câmara III, C1;Não informado;230,0;230 kV;EPE — Base Existente;2026-10-07
712;LT 230 kV Funil - Itagibá, C1;AFLUENTE TRANSMISSÃO - Afluente Transmissão de Energia Elétrica SA;230,0;230 kV;EPE — Base Existente;2026-10-07
713;LT 230 kV Castanhal - Marituba, C1;EQUATORIAL 7 - Equatorial Transmissora 7 SPE SA;230,0;230 kV;EPE — Base Existente;2026-10-07
714;LT 500 kV Araraquara 2 - Itatiba, C1;MSGT - MATA DE SANTA GENEBRA TRANSMISSAO S.A.;500,0;500 kV;EPE — Base Existente;2026-10-07
715;LT 345 kV Norte - Miguel Reale, C1;CTEEP - Companhia de Transmissão de Energia Elétrica Paulista;345,0;345 kV;EPE — Base Existente;2026-10-07
716;LT 230 kV Ji-Paraná - Pimenta Bueno, C3;LINHA VERDE - Linha Verde Transmissora de Energia S.A;230,0;230 kV;EPE — Base Existente;2026-10-07
717;LT 800 kV CC Xingu - Estreito, C1;BMTE - BELO MONTE TRANSMISSORA DE ENERGIA SPE S.A.;800,0;800 kV;EPE — Base Existente;2026-10-07
718;LT 500 kV Samambaia - Silvânia, C2;EXPANSION - Expansion Transmissão de Energia Elétrica S.A.;500,0;500 kV;EPE — Base Existente;2026-10-07
719;LT 230 kV Chapadão - Inocência, C1;ITATIM - Linhas de Transmissão Itatim Ldta;230,0;230 kV;EPE — Base Existente;2026-10-07
720;LT 230 kV São José dos Campos - Taubaté, C1;CTEEP - Companhia de Transmissão de Energia Elétrica Paulista;230,0;230 kV;EPE — Base Existente;2026-10-07
721;LT 440 kV Cabreúva - Gerdau SP, C1;CTEEP - Companhia de Transmissão de Energia Elétrica Paulista;440,0;440 kV;EPE — Base Existente;2026-10-07
722;LT 230 kV UTE Fortaleza - Cauípe, C2;CGTF - Central Geradora Termelétrica Fortaleza S.A;230,0;230 kV;EPE — Base Existente;2026-10-07
723;LT 230 kV Aracati II - Russas II, C1;BONS VENTOS - BONS VENTOS GERADORA DE ENERGIA S.A.;230,0;230 kV;EPE — Base Existente;2026-10-07
724;LT 500 kV Tianguá II - Teresina II, C2;STN - SISTEMA DE TRANSMISSÃO NORDESTE S.A.;500,0;500 kV;EPE — Base Existente;2026-10-07
725;LT 230 kV Mundo Novo - Touros, C1;Não informado;230,0;230 kV;EPE — Base Existente;2026-10-07
726;LT 230 kV Itaúba - Pólo Petroquímico, C1;CEEE GT - Companhia Estadual de Geração e Transmissão de Energia Elétrica;230,0;230 kV;EPE — Base Existente;2026-10-07
727;LT 230 kV Atlântida 2 - Osório 2, C1;ELETROSUL - ELETROSUL Centrais Elétricas S.A.;230,0;230 kV;EPE — Base Existente;2026-10-07
728;LT 230 kV Jurumirim - Pirajú, C1;CTEEP - Companhia de Transmissão de Energia Elétrica Paulista;230,0;230 kV;EPE — Base Existente;2026-10-07
729;LT 500 kV Araraquara FUR - Poços de Caldas, C1;FURNAS - Furnas Centrais Elétricas S.A.;500,0;500 kV;EPE — Base Existente;2026-10-07
730;LT 230 kV Anhanguera - Centro-CTT, C1;CTEEP - Companhia de Transmissão de Energia Elétrica Paulista;230,0;230 kV;EPE — Base Existente;2026-10-07
731;LT 500 kV Oitis - Queimada Nova II, C1;-;500,0;500 kV;EPE — Base Existente;2026-10-07
732;LT 230 kV Jaíba - Sol do Cerrado, C2;Não informado;230,0;230 kV;EPE — Base Existente;2026-10-07
733;LT 230 kV Vilhena - Jauru, C3;LINHA VERDE - Linha Verde Transmissora de Energia S.A.;230,0;230 kV;EPE — Base Existente;2026-10-07
734;LT 230 kV UTE Mauá 3 - Mauá III, C2;Não informado;230,0;230 kV;EPE — Base Existente;2026-10-07
735;LT 500 kV Marituba - Vila do Conde, C1;EQUATORIAL 7 - Equatorial Transmissora 7 SPE SA;500,0;500 kV;EPE — Base Existente;2026-10-07
736;LT 230 kV Itabira 4 - Itabira 5, C1;CEMIG GT - CEMIG GERAÇÃO E TRANSMISSÃO S.A;230,0;230 kV;EPE — Base Existente;2026-10-07
737;LT 500 kV UFV São João do Piauí - São João do Piauí, C1;Não informado;500,0;500 kV;EPE — Base Existente;2026-10-07
738;LT 230 kV Jaguarari - Senhor do Bonfim II, C1;CHESF - CHESF - Companhia Hidro Elétrica do São Francisco;230,0;230 kV;EPE — Base Existente;2026-10-07
739;LT 500 kV Parnaíba - Santo Antônio dos Lopes, C1;-;500,0;500 kV;EPE — Base Existente;2026-10-07
740;LT 230 kV Epasa - Termoparaíba, C1;EPASA - CENTRAIS ELÉTRICAS DA PARAÍBA S.A;230,0;230 kV;EPE — Base Existente;2026-10-07
741;LT 345 kV Taquaril - Nova Lima 6, C1;CEMIG GT - CEMIG GERAÇÃO E TRANSMISSÃO S.A;345,0;345 kV;EPE — Base Existente;2026-10-07
742;LT 230 kV Cascavel Oeste - Cascavel, C3;COPEL-GT - COPEL GERAÇÃO E TRANSMISSÃO S.A;230,0;230 kV;EPE — Base Existente;2026-10-07
743;LT 230 kV Baixo Iguaçu - Cascavel Oeste, C1;BAIXO IGUAÇU - CONSORCIO EMPREENDEDOR BAIXO IGUACU;230,0;230 kV;EPE — Base Existente;2026-10-07
744;LT 230 kV Folha Larga Sul - Folha Larga, C1;-;230,0;230 kV;EPE — Base Existente;2026-10-07
745;LT 500 kV São Simão - Itaguaçu, C1;COQUEIROS TRA - COQUEIROS TRANSMISSORA DE ENRGIA LTDA;500,0;500 kV;EPE — Base Existente;2026-10-07
746;LT 500 kV São Simão - UHE São Simão, C4;CEMIG GT - CEMIG GERAÇÃO E TRANSMISSÃO S.A;500,0;500 kV;EPE — Base Existente;2026-10-07
747;LT 230 kV Baguari - UHE Baguari, C2;BAGUARI I GERAÇÃO;230,0;230 kV;EPE — Base Existente;2026-10-07
748;LT 230 kV Rio Largo II - Braskem, C1;CHESF - CHESF - Companhia Hidro Elétrica do São Francisco;230,0;230 kV;EPE — Base Existente;2026-10-07
749;LT 230 kV Cotegipe - Jacaracanga, C1;CHESF - CHESF - Companhia Hidro Elétrica do São Francisco;230,0;230 kV;EPE — Base Existente;2026-10-07
750;LT 500 kV Ribeiro Gonçalves - São João do Piauí, C2;IENNE - INTERLIGAÇÃO ELÉTRICA NORTE E NORDESTE S.A;500,0;500 kV;EPE — Base Existente;2026-10-07
751;LT 525 kV Salto Santiago - UHE Salto Santiago, C2;ELETROSUL - ELETROSUL Centrais Elétricas S.A.;525,0;525 kV;EPE — Base Existente;2026-10-07
752;LT 230 kV UHE Monte Claro - Monte Claro, C1;Não informado;230,0;230 kV;EPE — Base Existente;2026-10-07
753;LT 230 kV Nova Prata 2 - Vila Maria, C1;CGT ELETROSUL - COMPANHIA DE GERAÇÃO E TRANSMISSÃO DE ENERGIA ELÉTRICA DO SUL D;230,0;230 kV;EPE — Base Existente;2026-10-07
754;LT 440 kV Bauru - Salto, C1;CTEEP - Companhia de Transmissão de Energia Elétrica Paulista;440,0;440 kV;EPE — Base Existente;2026-10-07
755;LT 345 kV Sul - Tijuco Preto, C1;FURNAS - Furnas Centrais Elétricas S.A.;345,0;345 kV;EPE — Base Existente;2026-10-07
756;LT 230 kV N3 - Bom Nome, C1;-;230,0;230 kV;EPE — Base Existente;2026-10-07
757;LT 230 kV Indaial - Rio do Sul, C1;NEOENERGIA VALE DO ITAJAÍ TRANSMISSÃO DE ENERGIA S.A.;230,0;230 kV;EPE — Base Existente;2026-10-07
758;LT 230 kV Camaçari IV - Pirajá, C1 (CD);Não informado;230,0;230 kV;EPE — Base Existente;2026-10-07
759;LT 230 kV UHE Sobradinho - Juazeiro II, C2;CHESF - CHESF - Companhia Hidro Elétrica do São Francisco;230,0;230 kV;EPE — Base Existente;2026-10-07
760;LT 230 kV Paulo Afonso III - UHE Paulo Afonso II, C2;CHESF - CHESF - Companhia Hidro Elétrica do São Francisco;230,0;230 kV;EPE — Base Existente;2026-10-07
761;LT 230 kV Mata Norte - FIAT, C1 (CD);-;230,0;230 kV;EPE — Base Existente;2026-10-07
762;LT 230 kV Governador Parigot Souza - Santa Mônica, C1;COPEL-GT - COPEL GERAÇÃO E TRANSMISSÃO S.A;230,0;230 kV;EPE — Base Existente;2026-10-07
763;LT 500 kV Adrianópolis - Baixada Fluminense, C1;FURNAS - Furnas Centrais Elétricas S.A.;500,0;500 kV;EPE — Base Existente;2026-10-07
764;LT 230 kV Chapadinha I - Curral Novo do Piauí II C1;V SANTA ALBERTINA - VENTOS DE SANTA ALBERTINA ENERGIAS RENOVÁVEIS S.A.;230,0;230 kV;EPE — Base Existente;2026-10-07
765;LT 230 kV Paulo Afonso III - Bom Nome, C3;CHESF - CHESF - Companhia Hidro Elétrica do São Francisco;230,0;230 kV;EPE — Base Existente;2026-10-07
766;LT 500 kV Rio do Vento - Ceará Mirim II, C1;-;500,0;500 kV;EPE — Base Existente;2026-10-07
767;LT 230 kV Picos - Tauá II, C1;CHESF - CHESF - Companhia Hidro Elétrica do São Francisco;230,0;230 kV;EPE — Base Existente;2026-10-07
768;LT 230 kV Ibiapina II - Tianguá II, C2 (CD);SITE - SERRA DE IBIAPABA TRANSMISSORA DE ENERGIA S A;230,0;230 kV;EPE — Base Existente;2026-10-07
769;LT 230 kV Jorge Lacerda B - UTE Jorge Lacerda B, C3;Não informado;230,0;230 kV;EPE — Base Existente;2026-10-07
770;LT 230 kV Camaquã - Guaíba 2, C1;CEEE GT - Companhia Estadual de Geração e Transmissão de Energia Elétrica;230,0;230 kV;EPE — Base Existente;2026-10-07
771;LT 440 kV Baguaçu - Bauru, C2;IE AGUAPEI - INTERLIGAÇÃO ELÉTRICA AGUAPEÍ S.A.;440,0;440 kV;EPE — Base Existente;2026-10-07
772;LT 230 kV Nobres - Nova Mutum, C2;ETEM - EMPRESA DE TRANSMISSAO DE ENERGIA DE MATO GROSSO S A;230,0;230 kV;EPE — Base Existente;2026-10-07
773;LT 525 kV Curitiba - Curitiba Leste, C1;MARUMBI - MARUMBI TRANSMISSORA DE ENERGIA S.A;525,0;525 kV;EPE — Base Existente;2026-10-07
774;LT 440 kV Taquaruçu - Capivara, C1;CTEEP - Companhia de Transmissão de Energia Elétrica Paulista;440,0;440 kV;EPE — Base Existente;2026-10-07
775;LT 500 kV Paulo Afonso IV - UHE Paulo Afonso IV, C2;CHESF - CHESF - Companhia Hidro Elétrica do São Francisco;500,0;500 kV;EPE — Base Existente;2026-10-07
776;LT 230 kV Pirineus - Xavantes, C2;FURNAS - Furnas Centrais Elétricas S.A.;230,0;230 kV;EPE — Base Existente;2026-10-07
777;LT 500 kV Samambaia - Silvânia, C1;EXPANSION - Expansion Transmissão de Energia Elétrica S.A.;500,0;500 kV;EPE — Base Existente;2026-10-07
778;LT 345 kV Adrianópolis - Itutinga, C1;FURNAS - Furnas Centrais Elétricas S.A.;345,0;345 kV;EPE — Base Existente;2026-10-07
779;LT 230 kV Camaquã 3 - Guaíba 2, C1;CEEE GT - Companhia Estadual de Geração e Transmissão de Energia Elétrica;230,0;230 kV;EPE — Base Existente;2026-10-07
780;LT 230 kV Eldorado do Sul - Guaíba 2, C1;CEEE GT - Companhia Estadual de Geração e Transmissão de Energia Elétrica;230,0;230 kV;EPE — Base Existente;2026-10-07
781;LT 500 kV UHE Marimbondo - Marimbondo, C3;Não informado;500,0;500 kV;EPE — Base Existente;2026-10-07
782;LT 230 kV Goiânia Leste - Xavantes, C1;CELG - GT - CELG GERAÇÃO E TRANSMISSÃO S/A;230,0;230 kV;EPE — Base Existente;2026-10-07
783;LT 230 kV Irapé - Janaúba 3, C1;MANTIQUEIRA TRANSMIS - MANTIQUEIRA TRANSMISSORA DE ENERGIA S.A.;230,0;230 kV;EPE — Base Existente;2026-10-07
784;LT 230 kV Castanhal - Vila do Conde, C1;ERTE - Empresa Regional de Transmissão de Energia S.A.;230,0;230 kV;EPE — Base Existente;2026-10-07
785;LT 500 kV Segredo - UHE Governador Ney Braga, C1;COPEL-GT - COPEL GERAÇÃO E TRANSMISSÃO S.A;500,0;500 kV;EPE — Base Existente;2026-10-07
786;LT 230 kV Biguaçu - Ratones, C1 (CS);IE BIGUAÇU - INTERLIGAÇÃO ELÉTRICA BIGUAÇU S.A.;230,0;230 kV;EPE — Base Existente;2026-10-07
787;LT 230 kV Chavantes - Botucatu, C4;IESJ - Interligação Elétrica Serra do Japi S.A.;230,0;230 kV;EPE — Base Existente;2026-10-07
788;LT 525 kV Guaíba 3 - Povo Novo, C2;CHIMARRÃO - CHIMARRÃO TRANSMISSORA DE ENERGIA S.A.;525,0;525 kV;EPE — Base Existente;2026-10-07
789;LT 230 kV Porto Alegre 6 - Porto Alegre 13, C1;CEEE GT - Companhia Estadual de Geração e Transmissão de Energia Elétrica;230,0;230 kV;EPE — Base Existente;2026-10-07
790;LT 230 kV Santo Ângelo - Santa Rosa 1, C1;CEEE GT - Companhia Estadual de Geração e Transmissão de Energia Elétrica;230,0;230 kV;EPE — Base Existente;2026-10-07
791;LT 345 kV Viana - Vitória, C1;FURNAS - Furnas Centrais Elétricas S.A.;345,0;345 kV;EPE — Base Existente;2026-10-07
792;LT 230 kV Governador Parigot Souza - UHE Parigot Souza, C1;Não informado;230,0;230 kV;EPE — Base Existente;2026-10-07
793;LT 500 kV Cachoeira Paulista - Fernão Dias, C1;FURNAS - Furnas Centrais Elétricas S.A.;500,0;500 kV;EPE — Base Existente;2026-10-07
794;LT 230 kV Cidade Industrial - Canoas 1, C1;CEEE GT - Companhia Estadual de Geração e Transmissão de Energia Elétrica;230,0;230 kV;EPE — Base Existente;2026-10-07
795;LT 500 kV UHE Itumbiara - Itumbiara, C5;Não informado;500,0;500 kV;EPE — Base Existente;2026-10-07
796;LT 230 kV Angelim - Tacaimbó, C1;CHESF - CHESF - Companhia Hidro Elétrica do São Francisco;230,0;230 kV;EPE — Base Existente;2026-10-07
797;LT 500 kV Morro do Chapéu Sul II - Morro do Chapéu II, C1;Não informado;500,0;500 kV;EPE — Base Existente;2026-10-07
798;LT 230 kV Itabaiana - Jardim, C1;CHESF - CHESF - Companhia Hidro Elétrica do São Francisco;230,0;230 kV;EPE — Base Existente;2026-10-07
799;LT 500 kV Jaguara - Nova Ponte, C1;CEMIG GT - CEMIG GERAÇÃO E TRANSMISSÃO S.A;500,0;500 kV;EPE — Base Existente;2026-10-07
800;LT 230 kV UHE Samuel - Samuel, C3;ELETRONORTE - Centrais Elétricas do Norte do Brasil S/A;230,0;230 kV;EPE — Base Existente;2026-10-07
801;LT 500 kV Lagoa dos Ventos - São João do Piauí, C1;-;500,0;500 kV;EPE — Base Existente;2026-10-07
802;LT 500 kV Serra da Mesa - Samambaia, C2;FURNAS - Furnas Centrais Elétricas S.A.;500,0;500 kV;EPE — Base Existente;2026-10-07
803;LT 230 kV Ribeirãozinho - Barra do Peixe, C2;ITE - Itumbiara Transmissora de Energia S/A.;230,0;230 kV;EPE — Base Existente;2026-10-07
804;LT 500 kV UHE Santo Antonio Margem Direita - Coletora Porto Velho, C1;SAESA - SANTO ANTONIO ENERGIA SA;500,0;500 kV;EPE — Base Existente;2026-10-07
805;LT 230 kV Global - Jacaracanga, C1;CANDEIAS - CANDEIAS ENERGIA S.A.;230,0;230 kV;EPE — Base Existente;2026-10-07
806;LT 500 kV Gentio do Ouro II - Bom Jesus da Lapa II, C3;RIALMA TRANSMISSORA DE ENERGIA V SA;500,0;500 kV;EPE — Base Existente;2026-10-07
807;LT 230 kV Brumado II - Ibicoara ,C1;CHESF - CHESF - Companhia Hidro Elétrica do São Francisco;230,0;230 kV;EPE — Base Existente;2026-10-07
808;LT 500 kV Governador Valadares 6 - Mutum, C1;CAMINHO DO CAFÉ - TCC TRANSMISSORA CAMINHO DO CAFÉ S A;500,0;500 kV;EPE — Base Existente;2026-10-07
809;LT 525 kV Campos Novos - Machadinho, C2;LUMITRANS - LUMITRANS COMPANHIA TRANSMISSORA DE ENERGIA ELÉTRICA SA;525,0;525 kV;EPE — Base Existente;2026-10-07
810;LT 440 kV Ilha Solteira - Mirassol II, C1;CTEEP - Companhia de Transmissão de Energia Elétrica Paulista;440,0;440 kV;EPE — Base Existente;2026-10-07
811;LT 230 kV Guaíba 2 - CMPC Celulose, C1;-;230,0;230 kV;EPE — Base Existente;2026-10-07
812;LT 230 kV Curitiba - Umbará, C1;COPEL-GT - COPEL GERAÇÃO E TRANSMISSÃO S.A;230,0;230 kV;EPE — Base Existente;2026-10-07
813;LT 345 kV Barro Branco - Samarco, C1;-;345,0;345 kV;EPE — Base Existente;2026-10-07
814;LT 500 kV Mesquita - Mutum, C1;MGE TRA - MGE TRANSMISSO SA;500,0;500 kV;EPE — Base Existente;2026-10-07
815;LT 345 kV Estreito - UHE Luiz Carlos Barreto de Carvalho, C2;FURNAS - Furnas Centrais Elétricas S.A.;345,0;345 kV;EPE — Base Existente;2026-10-07
816;LT 230 kV Anhanguera - Carajás, C2;EDP GOIAS - EDP TRANSMISSÃO GOIÁS S.A.;230,0;230 kV;EPE — Base Existente;2026-10-07
817;LT 230 kV Ariquemes - Ji-Paraná, C2;JTE - Jauru Transmissora de Energia S/A.;230,0;230 kV;EPE — Base Existente;2026-10-07
818;LT 230 kV Farroupilha - Monte Claro, C1;ELETROSUL - ELETROSUL Centrais Elétricas S.A.;230,0;230 kV;EPE — Base Existente;2026-10-07
819;LT 500 kV São Gonçalo - Gilbués II, C1;-;500,0;500 kV;EPE — Base Existente;2026-10-07
820;LT 500 kV Bacabeira - São Luis II, C2;ELETRONORTE - Centrais Elétricas do Norte do Brasil S/A;500,0;500 kV;EPE — Base Existente;2026-10-07
821;LT 500 kV Bacabeira - Parnaíba III, C2;ARGO - Argo Transmissão de Energia SA;500,0;500 kV;EPE — Base Existente;2026-10-07
822;LT 500 kV Ibicoara - Poções III, C1;EDTE - EDTE Empresa Diamantina de Transmissão de Energia S.A.;500,0;500 kV;EPE — Base Existente;2026-10-07
823;LT 500 kV Gurupi - Peixe 2, C1;INTESA - INTEGRAÇAO TRANSMISSORA DE ENERGIA S.A;500,0;500 kV;EPE — Base Existente;2026-10-07
824;LT 230 kV Passo Fundo - Vila Maria, C1;CGT ELETROSUL - COMPANHIA DE GERAÇÃO E TRANSMISSÃO DE ENERGIA ELÉTRICA DO SUL D;230,0;230 kV;EPE — Base Existente;2026-10-07
825;LT 525 kV Itá - UHE Itá, C1;ENGIE - ENGIE BRASIL ENERGIA SA;525,0;525 kV;EPE — Base Existente;2026-10-07
826;LT 230 kV São Luis II - Vale, C1;-;230,0;230 kV;EPE — Base Existente;2026-10-07
827;LT 500 kV Rio Alto II - Santa Luzia II, C1;RIO ALTO UFV STL I SPE S/A;500,0;500 kV;EPE — Base Existente;2026-10-07
828;LT 230 kV Simplice - Lagoa Nova II, C1;TAESA - TRANSMISSORA ALIANÇA DE ENERGIA ELÉTRICA S A;230,0;230 kV;EPE — Base Existente;2026-10-07
829;LT 230 kV Angelim - Garanhuns II, C3;CHESF - CHESF - Companhia Hidro Elétrica do São Francisco;230,0;230 kV;EPE — Base Existente;2026-10-07
830;LT 500 kV Ribeirãozinho - Rio Verde Norte, C2;CATXERE - CATXERE TRANSMISSORA DE ENERGIA S.A;500,0;500 kV;EPE — Base Existente;2026-10-07
831;LT 500 kV Paranatinga - Ribeirãozinho, C3;PRTE - Paranaíta Ribeirãozinho Transmissora de Energia SA;500,0;500 kV;EPE — Base Existente;2026-10-07
832;LT 230 kV Sapeaçu - Santo Antônio de Jesus, C2;CHESF - CHESF - Companhia Hidro Elétrica do São Francisco;230,0;230 kV;EPE — Base Existente;2026-10-07
833;LT 230 kV Eunápolis - Teixeira de Freitas, C1;CHESF - CHESF - Companhia Hidro Elétrica do São Francisco;230,0;230 kV;EPE — Base Existente;2026-10-07
834;LT 230 kV Anhanguera - Goiânia Leste, C1;EDP GOIAS - EDP TRANSMISSÃO GOIÁS S.A.;230,0;230 kV;EPE — Base Existente;2026-10-07
835;LT 230 kV Figueira - Klabin Celulose, C1;COPEL-GT - COPEL GERAÇÃO E TRANSMISSÃO S.A;230,0;230 kV;EPE — Base Existente;2026-10-07
836;LT 230 kV Campo do Assobio - Distrito Industrial de São José dos Pinhais, C1;COPEL-GT - COPEL GERAÇÃO E TRANSMISSÃO S.A;230,0;230 kV;EPE — Base Existente;2026-10-07
837;LT 230 kV UTE Canoas - Canoas 2, C2;PETROBRAS - Petroleo Brasileiro S.A;230,0;230 kV;EPE — Base Existente;2026-10-07
838;LT 345 kV Interlagos - Piratininga 2, C3;IEP - INTERLIGAÇÃO ELÉTRICA PINHEIROS S.A;345,0;345 kV;EPE — Base Existente;2026-10-07
839;LT 230 kV Salto Osório - UHE Salto Osório, C1;ELETROSUL - ELETROSUL Centrais Elétricas S.A.;230,0;230 kV;EPE — Base Existente;2026-10-07
840;LT 230 kV Poções II - Poções III, C2 (CD);EDTE - EDTE Empresa Diamantina de Transmissão de Energia S.A.;230,0;230 kV;EPE — Base Existente;2026-10-07
841;LT 230 kV Foz do Chopim - Realeza Sul, C1;COPEL-GT - COPEL GERAÇÃO E TRANSMISSÃO S.A;230,0;230 kV;EPE — Base Existente;2026-10-07
842;LT 230 kV Alegrete 2 - UTE Uruguaiana, C1;AES URUGUAIANA - AES Uruguaiana Ltda.;230,0;230 kV;EPE — Base Existente;2026-10-07
843;LT 230 kV Lajeado Grande - Caxias do Sul 5, C1;ELETROSUL - ELETROSUL Centrais Elétricas S.A.;230,0;230 kV;EPE — Base Existente;2026-10-07
844;LT 500 kV Fortaleza II - Pecém II, C2;CHESF - CHESF - Companhia Hidro Elétrica do São Francisco;500,0;500 kV;EPE — Base Existente;2026-10-07
845;LT 500 kV Pecém II - Pacatuba, C1;STN - SISTEMA DE TRANSMISSÃO NORDESTE S.A.;500,0;500 kV;EPE — Base Existente;2026-10-07
846;Ramal LT 230 kV LT 230 kV Cícero Dantas - Catu C2 - SE Heineken;-;230,0;230 kV;EPE — Base Existente;2026-10-07
847;LT 230 kV Bom Jesus da Lapa II - Igaporã II, C1;CHESF - CHESF - Companhia Hidro Elétrica do São Francisco;230,0;230 kV;EPE — Base Existente;2026-10-07
848;LT 500 kV Xingu - Jurupari, C1;XINGU TRA - LINHAS DE XINGU TRANSMISSORA DE ENERGIA SA;500,0;500 kV;EPE — Base Existente;2026-10-07
849;LT 230 kV Recife II - Pau Ferro, C1;CHESF - CHESF - Companhia Hidro Elétrica do São Francisco;230,0;230 kV;EPE — Base Existente;2026-10-07
850;LT 230 kV Imperatriz - Porto Franco, C1;ELETRONORTE - Centrais Elétricas do Norte do Brasil S/A;230,0;230 kV;EPE — Base Existente;2026-10-07
851;LT 230 kV Caxias Norte - Caxias 6, C1;Não informado;230,0;230 kV;EPE — Base Existente;2026-10-07
852;LT 230 kV Caxias Norte - Caxias do Sul 2, C1;CEEE GT - Companhia Estadual de Geração e Transmissão de Energia Elétrica;230,0;230 kV;EPE — Base Existente;2026-10-07
853;LT 230 kV Ribeiro Gonçalves III - Ribeiro Gonçalves, C1;Não informado;230,0;230 kV;EPE — Base Existente;2026-10-07
854;LT 230 kV Paulo Afonso III - UHE Paulo Afonso III, C4;CHESF - CHESF - Companhia Hidro Elétrica do São Francisco;230,0;230 kV;EPE — Base Existente;2026-10-07
855;LT 230 kV Jurupari - Laranjal, C3;AMAPAR - TRANSMISSORA AMAPAR SPE S.A.;230,0;230 kV;EPE — Base Existente;2026-10-07
856;LT 500 kV Miranda II - Presidente Dutra, C2;ELETRONORTE - Centrais Elétricas do Norte do Brasil S/A;500,0;500 kV;EPE — Base Existente;2026-10-07
857;LT 345 kV Guarulhos - Ibiúna, C2;FURNAS - Furnas Centrais Elétricas S.A.;345,0;345 kV;EPE — Base Existente;2026-10-07
858;LT 230 kV Jorge Lacerda B - UTE Jorge Lacerda B, C1;Não informado;230,0;230 kV;EPE — Base Existente;2026-10-07
859;LT 230 kV Candiota 2 - Presidente Médici, C1;CEEE GT - Companhia Estadual de Geração e Transmissão de Energia Elétrica;230,0;230 kV;EPE — Base Existente;2026-10-07
860;LT 230 kV Abdon Batista - Lages, C1;STC - STC - Sistema de Transmissão Catarinense S.A.;230,0;230 kV;EPE — Base Existente;2026-10-07
861;LT 765 kV Itaberá - Ivaiporã, C1;Furnas Centrais Elétricas S.A.;765,0;765 kV;EPE — Base Existente;2026-10-07
862;LT 230 kV Marituba - Utinga, C4 (CD);BRLIG Implantação de Sistemas de Transmissão Elétrica;230,0;230 kV;EPE — Base Existente;2026-10-07
863;LT 230 kV Lorena - Santa Cabeça, C1;CTEEP - Companhia de Transmissão de Energia Elétrica Paulista;230,0;230 kV;EPE — Base Existente;2026-10-07
864;LT 230 kV UHE Foz do Chapecó -  Foz do Chapecó, C2;Não informado;230,0;230 kV;EPE — Base Existente;2026-10-07
865;LT 500 kV Cachoeira Paulista - Itajubá 3, C1;FURNAS - Furnas Centrais Elétricas S.A.;500,0;500 kV;EPE — Base Existente;2026-10-07
866;LT 500 kV Campos 2 - Mutum, C1 (CD);NEOENERGIA ITABAPOANA TRANSMISSÃO DE ENERGIA S.A.;500,0;500 kV;EPE — Base Existente;2026-10-07
867;LT 500 kV Ibiúna - Bateias, C2;FURNAS - Furnas Centrais Elétricas S.A.;500,0;500 kV;EPE — Base Existente;2026-10-07
868;LT 500 kV São Simão - UHE São Simão, C6;CEMIG GT - CEMIG GERAÇÃO E TRANSMISSÃO S.A;500,0;500 kV;EPE — Base Existente;2026-10-07
869;LT 230 kV Abreu e Lima - Suape II, C1;RNEST - Refinaria Abreu e Lima SA RNEST;230,0;230 kV;EPE — Base Existente;2026-10-07
870;LT 230 kV Ciranda - Bom Nome, C1;Não informado;230,0;230 kV;EPE — Base Existente;2026-10-07
871;LT 230 kV Blumenau - Itajaí, C2;ELETROSUL - ELETROSUL Centrais Elétricas S.A.;230,0;230 kV;EPE — Base Existente;2026-10-07
872;LT 525 kV Salto Caxias - UHE Governador José Richa, C1;Não informado;525,0;525 kV;EPE — Base Existente;2026-10-07
873;LT 230 kV Angelim - Tacaimbó, C2;CHESF - CHESF - Companhia Hidro Elétrica do São Francisco;230,0;230 kV;EPE — Base Existente;2026-10-07
874;LT 230 kV Paulo Afonso III - Santana II, C1;CHESF - CHESF - Companhia Hidro Elétrica do São Francisco;230,0;230 kV;EPE — Base Existente;2026-10-07
875;LT 230 kV Pau Ferro - Santa Rita II, C1;CHESF - CHESF - Companhia Hidro Elétrica do São Francisco;230,0;230 kV;EPE — Base Existente;2026-10-07
876;LT 230 kV Mesquita - Usiminas, C1;-;230,0;230 kV;EPE — Base Existente;2026-10-07
877;LT 345 kV UHE Corumbá - Corumbá, C1;Não informado;345,0;345 kV;EPE — Base Existente;2026-10-07
878;LT 230 kV Morrão - Igaporã II, C1;EOL MORRÃO - Centrais Elétricas Morrão SA;230,0;230 kV;EPE — Base Existente;2026-10-07
879;LT 230 kV Pimenta Bueno - Vilhena, C2;JTE - Jauru Transmissora de Energia S/A.;230,0;230 kV;EPE — Base Existente;2026-10-07
880;LT 230 kV Lechuga - Manaus, C1;AMAZONAS GT - AMAZONAS GERAÇÃO E TRANSMISSÃO DE ENERGIA SA;230,0;230 kV;EPE — Base Existente;2026-10-07
881;LT 230 kV Aquiraz II - Fortaleza, C2;CHESF - CHESF - Companhia Hidro Elétrica do São Francisco;230,0;230 kV;EPE — Base Existente;2026-10-07
882;LT 230 kV Aimorés - UHE Aimorés, C2;CEMIG GT - CEMIG GERAÇÃO E TRANSMISSÃO S.A;230,0;230 kV;EPE — Base Existente;2026-10-07
883;LT 230 kV Salto Osório - UHE Salto Osório, C3;ELETROSUL - ELETROSUL Centrais Elétricas S.A.;230,0;230 kV;EPE — Base Existente;2026-10-07
884;LT 345 kV Baixada Santista - Cosipa/Usiminas, C2;-;345,0;345 kV;EPE — Base Existente;2026-10-07
885;LT 230 kV Nova Santa Rita - Scharlau 2, C2;IES - INTERLIGAÇÃO ELÉTRICA SUL S.A;230,0;230 kV;EPE — Base Existente;2026-10-07
886;LT 230 kV Jorge Lacerda B - UTE Jorge Lacerda C, C2;Não informado;230,0;230 kV;EPE — Base Existente;2026-10-07
887;LT 500 kV Pacatuba - Fortaleza II, C1;STN - SISTEMA DE TRANSMISSÃO NORDESTE S.A.;500,0;500 kV;EPE — Base Existente;2026-10-07
888;LT 500 kV Juazeiro III - Sobradinho, C Z5;CHESF - CHESF - Companhia Hidro Elétrica do São Francisco;500,0;500 kV;EPE — Base Existente;2026-10-07
889;LT 500 kV Brasília Leste - Luziânia, C2;VSBTE - VALE DO SAO BARTOLOMEU TRANSMISSORA DE ENERGIA S.A.;500,0;500 kV;EPE — Base Existente;2026-10-07
890;LT 345 kV Pirineus - Samambaia, C1;FURNAS - Furnas Centrais Elétricas S.A.;345,0;345 kV;EPE — Base Existente;2026-10-07
891;LT 230 kV Recife II - Pirapama II, C1;CHESF - CHESF - Companhia Hidro Elétrica do São Francisco;230,0;230 kV;EPE — Base Existente;2026-10-07
892;LT 500 kV São João do Piauí - Boa Esperança, C1;CHESF - CHESF - Companhia Hidro Elétrica do São Francisco;500,0;500 kV;EPE — Base Existente;2026-10-07
893;LT 500 kV UTE Porto de Sergipe I - Jardim, C2;Não informado;500,0;500 kV;EPE — Base Existente;2026-10-07
894;LT 345 kV Campos - Macaé Merchant, C1;FURNAS - Furnas Centrais Elétricas S.A.;345,0;345 kV;EPE — Base Existente;2026-10-07
895;LT 500 kV Marimbondo - Marimbondo 2, C2;FURNAS - Furnas Centrais Elétricas S.A.;500,0;500 kV;EPE — Base Existente;2026-10-07
896;LT 345 kV Furnas - Itutinga, C1;FURNAS - Furnas Centrais Elétricas S.A.;345,0;345 kV;EPE — Base Existente;2026-10-07
897;LT 230 kV Ariquemes - Ji-Paraná, C3;LINHA VERDE - Linha Verde Transmissora de Energia S.A.;230,0;230 kV;EPE — Base Existente;2026-10-07
898;LT 500 kV UHE Itumbiara - Itumbiara, C3;Não informado;500,0;500 kV;EPE — Base Existente;2026-10-07
899;LT 230 kV Açu II - Açu III, C1;CHESF - CHESF - Companhia Hidro Elétrica do São Francisco;230,0;230 kV;EPE — Base Existente;2026-10-07
900;LT 500 kV Garanhuns II - Luiz Gonzaga, C1;CHESF - CHESF - Companhia Hidro Elétrica do São Francisco;500,0;500 kV;EPE — Base Existente;2026-10-07
901;LT 230 kV Cutia - Touros, C1;ENERGIA EOLICA CUTIA - USINA DE ENERGIA EOLICA CUTIA S/A;230,0;230 kV;EPE — Base Existente;2026-10-07
902;LT 345 kV Neves 1 - Taquaril C1;CEMIG GT - CEMIG GERAÇÃO E TRANSMISSÃO S.A;345,0;345 kV;EPE — Base Existente;2026-10-07
903;LT 345 kV Campos - Rio Novo do Sul, C2;FURNAS - Furnas Centrais Elétricas S.A.;345,0;345 kV;EPE — Base Existente;2026-10-07
904;LT 230 kV Camaçari IV - Pólo, C2;AFLUENTE TRANSMISSÃO - Afluente Transmissão de Energia Elétrica SA;230,0;230 kV;EPE — Base Existente;2026-10-07
905;LT 230 kV Areia Branca - Mossoró II, C1;EOL MAR E TERRA - Eólica Mar e Terra Geração e Comercialização;230,0;230 kV;EPE — Base Existente;2026-10-07
906;LT 500 kV São Luís II - São Luís IV, C2 (CD);EDP MA I - EDP TRANSMISSAO MA I S.A.;500,0;500 kV;EPE — Base Existente;2026-10-07
907;LT 230 kV UTE Canoas - Canoas 2, C1;PETROBRAS - Petroleo Brasileiro S.A;230,0;230 kV;EPE — Base Existente;2026-10-07
908;LT 500 kV Camaçari II - Camaçari IV, C1;CHESF - CHESF - Companhia Hidro Elétrica do São Francisco;500,0;500 kV;EPE — Base Existente;2026-10-07
909;LT 230 kV Sapeaçu - Santo Antônio de Jesus, C1;CHESF - CHESF - Companhia Hidro Elétrica do São Francisco;230,0;230 kV;EPE — Base Existente;2026-10-07
910;LT 500 kV Governador Valadares 6 - Mutum, C2;SPE TRANSMISSORA DE ENERGIA LINHA VERDE I S.A.;500,0;500 kV;EPE — Base Existente;2026-10-07
911;LT 500 kV Coletora Solar Arinos - Arinos 2, C1;Não informado;500,0;500 kV;EPE — Base Existente;2026-10-07
912;LT 440 kV Assis - Sumaré, C1;TAESA - TRANSMISSORA ALIANÇA DE ENERGIA ELÉTRICA S A;440,0;440 kV;EPE — Base Existente;2026-10-07
913;LT 525 kV Curitiba - Bateias, C2;ATE IV - ATE IV - SAO MATEUS TRANSMISSORA DE ENERGIA S.A.;525,0;525 kV;EPE — Base Existente;2026-10-07
914;LT 230 kV Pólo Petroquímico - Nova Santa Rita, C1;CEEE GT - Companhia Estadual de Geração e Transmissão de Energia Elétrica;230,0;230 kV;EPE — Base Existente;2026-10-07
915;LT 230 kV Cidade Industrial - Nova Santa Rita, C1;CEEE GT - Companhia Estadual de Geração e Transmissão de Energia Elétrica;230,0;230 kV;EPE — Base Existente;2026-10-07
916;LT 230 kV Pecém II - Companhia Siderúrgica do Pecém, C1;-;230,0;230 kV;EPE — Base Existente;2026-10-07
917;LT 230 kV Barão de Cocais 3 - João Monlevade 2, C1;CEMIG GT - CEMIG GERAÇÃO E TRANSMISSÃO S.A;230,0;230 kV;EPE — Base Existente;2026-10-07
918;LT 345 kV Baixada Santista - Cosipa/Usiminas, C1;-;345,0;345 kV;EPE — Base Existente;2026-10-07
919;LT 230 kV Distrito Industrial de São José dos Pinhais - Repar, C1;COPEL-GT - COPEL GERAÇÃO E TRANSMISSÃO S.A;230,0;230 kV;EPE — Base Existente;2026-10-07
920;LT 500 kV UHE Itaipu - Margem Direita, C2;ITAIPU - ITAIPU Binacional;500,0;500 kV;EPE — Base Existente;2026-10-07
921;LT 500 kV Tucuruí - Vila do Conde, C3;VCTE - Vila do Conde Transmissora de Energia S/A.;500,0;500 kV;EPE — Base Existente;2026-10-07
922;LT 230 kV Brasnorte - Juína, C1;EBTE TRA - EMPRESA BRASILEIRA DE TRANSMISSÃO DE ENERGIA S.A;230,0;230 kV;EPE — Base Existente;2026-10-07
923;LT 500 kV Jauru - Cuiabá, C2;SANTA LUCIA TRANS - SPE SANTA LUCIA TRANSMISSORA DE ENERGIA S.A.;500,0;500 kV;EPE — Base Existente;2026-10-07
924;LT 500 kV Sobradinho - UHE Sobradinho, C1;Não informado;500,0;500 kV;EPE — Base Existente;2026-10-07
925;LT 345 kV Leste - Tijuco Preto, C3;CTEEP - Companhia de Transmissão de Energia Elétrica Paulista;345,0;345 kV;EPE — Base Existente;2026-10-07
926;LT 230 kV UTE Piratininga - Piratininga, C2;-;230,0;230 kV;EPE — Base Existente;2026-10-07
927;LT 345 kV UHE Furnas - Furnas, C7;Não informado;345,0;345 kV;EPE — Base Existente;2026-10-07
928;LT 500 kV Bom Despacho 3 - São Gotardo 2, C1;CEMIG GT - CEMIG GERAÇÃO E TRANSMISSÃO S.A;500,0;500 kV;EPE — Base Existente;2026-10-07
929;LT 230 kV Cidade Industrial - Nova Santa Rita, C2;CEEE GT - Companhia Estadual de Geração e Transmissão de Energia Elétrica;230,0;230 kV;EPE — Base Existente;2026-10-07
930;LT 230 kV Camaquã 3 - Povo Novo, C1;TSBE - Transmissora Sul Brasileira de Energia S A;230,0;230 kV;EPE — Base Existente;2026-10-07
931;LT 500 kV Campina Grande III - Ceará Mirim II, C1;ETN - EXTREMOZ TRANSMISSORA DO NORDESTE;500,0;500 kV;EPE — Base Existente;2026-10-07
932;LT 230 kV Goianinha - Norfil, C1;TAESA - TRANSMISSORA ALIANÇA DE ENERGIA ELÉTRICA S A;230,0;230 kV;EPE — Base Existente;2026-10-07
933;LT 500 kV Serra Pelada - Integradora, C1 (CD);ENERGISA PARÁ II - ENERGISA PARÁ TRANSMISSORA DE ENERGIA II S.A.;500,0;500 kV;EPE — Base Existente;2026-10-07
934;LT 500 kV Porto de Sergipe I - Olindina, C1;Não informado;500,0;500 kV;EPE — Base Existente;2026-10-07
935;LT 500 kV Marabá - Tucuruí, C2;ELETRONORTE - Centrais Elétricas do Norte do Brasil S/A;500,0;500 kV;EPE — Base Existente;2026-10-07
936;LT 230 kV Banabuiú - Icó, C1;CHESF - CHESF - Companhia Hidro Elétrica do São Francisco;230,0;230 kV;EPE — Base Existente;2026-10-07
937;LT 230 kV Londrina (ESUL) - Londrina (Copel), C2;ELETROSUL - ELETROSUL Centrais Elétricas S.A.;230,0;230 kV;EPE — Base Existente;2026-10-07
938;LT 230 kV Jorge Lacerda B - Palhoça, C1;ELETROSUL - ELETROSUL Centrais Elétricas S.A.;230,0;230 kV;EPE — Base Existente;2026-10-07
939;LT 230 kV UHE Campos Novos - UHE Campos Novos, C3;Não informado;230,0;230 kV;EPE — Base Existente;2026-10-07
940;LT 500 kV Arinos 2 - Paracatu 4, C2;Não informado;500,0;500 kV;EPE — Base Existente;2026-10-07
941;LT 500 kV Bom Despacho 3 - Neves 1, C2;CEMIG GT - CEMIG GERAÇÃO E TRANSMISSÃO S.A;500,0;500 kV;EPE — Base Existente;2026-10-07
942;LT 500 kV Rio Verde Norte - Trindade, C2;GOIAS TRA - GOIAS TRANSMISSAO SA;500,0;500 kV;EPE — Base Existente;2026-10-07
943;LT 500 kV Paranatinga - Ribeirãozinho, C2;MATRINCHA - MATRINCHA TRANSMISSORA DE ENERGIA S A;500,0;500 kV;EPE — Base Existente;2026-10-07
944;LT 230 kV Serrote - Pecém II, C1;-;230,0;230 kV;EPE — Base Existente;2026-10-07
945;LT 230 kV Aquiraz II - Banabuiú, C2;CHESF - CHESF - Companhia Hidro Elétrica do São Francisco;230,0;230 kV;EPE — Base Existente;2026-10-07
946;LT 230 kV Catu - Camaçari IV, C1;CHESF - CHESF - Companhia Hidro Elétrica do São Francisco;230,0;230 kV;EPE — Base Existente;2026-10-07
947;LT 230 kV Teresina II - Teresina, C1;CHESF - CHESF - Companhia Hidro Elétrica do São Francisco;230,0;230 kV;EPE — Base Existente;2026-10-07
948;LT 230 kV Rurópolis - Transamazônica, C1;ELETRONORTE - Centrais Elétricas do Norte do Brasil S/A;230,0;230 kV;EPE — Base Existente;2026-10-07
949;LT 500 kV Belo Monte - Xingu, C1;NORTE ENERGIA SA - NORTE ENERGIA SA;500,0;500 kV;EPE — Base Existente;2026-10-07
950;LT 230 kV Itá - Xanxerê, C2 (CD);CPFL SUL I - CPFL TRANSMISSÃO DE ENERGIA SUL I LTDA.;230,0;230 kV;EPE — Base Existente;2026-10-07
951;LT 230 kV UTE Piratininga - Piratininga, C1;-;230,0;230 kV;EPE — Base Existente;2026-10-07
952;LT 500 kV Angra 1 - Angra, C1;Não informado;500,0;500 kV;EPE — Base Existente;2026-10-07
953;LT 500 kV Lagos - Campos 2, C2 (CD);Não informado;500,0;500 kV;EPE — Base Existente;2026-10-07
954;LT 230 kV Palmeiras - UTE Palmeiras, C1;PALMEIRAS CEPASA - Central Energética Palmeiras SA;230,0;230 kV;EPE — Base Existente;2026-10-07
955;LT 500 kV UHE Itaipu - Margem Direita, C3;ITAIPU - ITAIPU Binacional;500,0;500 kV;EPE — Base Existente;2026-10-07
956;LT 230 kV Jaguariaíva - Mauá, C1;COPEL-GT - COPEL GERAÇÃO E TRANSMISSÃO S.A;230,0;230 kV;EPE — Base Existente;2026-10-07
957;LT 230 kV Santa Maria 3 - Dona Francisca, C1;CEEE GT - Companhia Estadual de Geração e Transmissão de Energia Elétrica;230,0;230 kV;EPE — Base Existente;2026-10-07
958;LT 230 kV Itacaiúnas - Carajás, C3;ATE VIII - ATE VIII TRANSMISSORA DE ENERGIA SA;230,0;230 kV;EPE — Base Existente;2026-10-07
959;LT 230 kV Bom Jesus II - Eliseu Martins, C1;SPEDRO - SAO PEDRO TRANSMISSORA DE ENERGIA S/A;230,0;230 kV;EPE — Base Existente;2026-10-07
960;LT 230 kV Campo Largo - Ourolândia II, C2;CLWP EÓLICA I - CLWP EOLICA PARQUE I S.A.;230,0;230 kV;EPE — Base Existente;2026-10-07
961;LT 440 kV Água Vermelha - Araraquara CTP, C1;CTEEP - Companhia de Transmissão de Energia Elétrica Paulista;440,0;440 kV;EPE — Base Existente;2026-10-07
962;LT 525 kV Londrina-ESU - Sarandi, C1 (CD);IE IVAI - INTERLIGAÇÃO ELÉTRICA IVAÍ S.A.;525,0;525 kV;EPE — Base Existente;2026-10-07
963;LT 230 kV Curitiba - Umbará, C2;COPEL-GT - COPEL GERAÇÃO E TRANSMISSÃO S.A;230,0;230 kV;EPE — Base Existente;2026-10-07
964;LT 230 kV Aperam - Timóteo 2, C1;CEMIG GT - CEMIG GERAÇÃO E TRANSMISSÃO S.A;230,0;230 kV;EPE — Base Existente;2026-10-07
965;LT 230 kV Baguari - Governador Valadares 2, C1;CEMIG GT - CEMIG GERAÇÃO E TRANSMISSÃO S.A;230,0;230 kV;EPE — Base Existente;2026-10-07
966;LT 345 kV Norte - Miguel Reale, C2;CTEEP - Companhia de Transmissão de Energia Elétrica Paulista;345,0;345 kV;EPE — Base Existente;2026-10-07
967;LT 500 kV Angra - Nova Iguaçu, C1;FURNAS - Furnas Centrais Elétricas S.A.;500,0;500 kV;EPE — Base Existente;2026-10-07
968;LT 230 kV UTE Fortaleza - Cauípe, C1;CGTF - Central Geradora Termelétrica Fortaleza S.A;230,0;230 kV;EPE — Base Existente;2026-10-07
969;LT 230 kV Ji-Paraná - Pimenta Bueno, C1;ELETRONORTE - Centrais Elétricas do Norte do Brasil S/A;230,0;230 kV;EPE — Base Existente;2026-10-07
970;LT 230 kV Cruzeiro do Sul - Feijó, C1;Não informado;230,0;230 kV;EPE — Base Existente;2026-10-07
971;LT 230 kV São José dos Campos - Mogi Cruzes, C2;CTEEP - Companhia de Transmissão de Energia Elétrica Paulista;230,0;230 kV;EPE — Base Existente;2026-10-07
972;LT 440 kV Ilha Solteira - Ilha Solteira 2, C1;ITATIM - Linhas de Transmissão Itatim Ldta;440,0;440 kV;EPE — Base Existente;2026-10-07
973;LT 345 kV UHE Furnas - Furnas, C1;Não informado;345,0;345 kV;EPE — Base Existente;2026-10-07
974;LT 345 kV Itabirito 2 - Jaceaba, C1;CEMIG GT - CEMIG GERAÇÃO E TRANSMISSÃO S.A;345,0;345 kV;EPE — Base Existente;2026-10-07
975;LT 230 kV Itabira 2 - Minas-Rio, C1;-;230,0;230 kV;EPE — Base Existente;2026-10-07
976;LT 230 kV Dourados - Dourados 2, C1;PORTO PRIMAVERA - Porto Primavera Transmissora de Energia S/A.;230,0;230 kV;EPE — Base Existente;2026-10-07
977;LT 345 kV Guarulhos - Nordeste, C1;FURNAS - Furnas Centrais Elétricas S.A.;345,0;345 kV;EPE — Base Existente;2026-10-07
978;LT 230 kV Santo Ângelo - Santo Ângelo 2, C1;CEEE GT - Companhia Estadual de Geração e Transmissão de Energia Elétrica;230,0;230 kV;EPE — Base Existente;2026-10-07
979;LT 230 kV UHE Lajeado - Lajeado, C5;Não informado;230,0;230 kV;EPE — Base Existente;2026-10-07
980;LT 230 kV Coremas - Rio Alto, C1;-;230,0;230 kV;EPE — Base Existente;2026-10-07
981;LT 230 kV João Câmara 2 - União dos Ventos, C1;EOL POTIGUAR - Energia Potiguar Geradora Eólica SA;230,0;230 kV;EPE — Base Existente;2026-10-07
982;LT 230 kV Recife II - Mirueira, C3;CHESF - CHESF - Companhia Hidro Elétrica do São Francisco;230,0;230 kV;EPE — Base Existente;2026-10-07
983;LT 230 kV Governador Mangabeira - Sapeaçu, C3;CHESF - CHESF - Companhia Hidro Elétrica do São Francisco;230,0;230 kV;EPE — Base Existente;2026-10-07
984;LT 230 kV Campo Bom - Taquara, C1;TESB - TRANSMISSORA DE ENERGIA SUL BRASIL S.A.;230,0;230 kV;EPE — Base Existente;2026-10-07
985;LT 230 kV Gralha Azul - Repar, C1;COPEL-GT - COPEL GERAÇÃO E TRANSMISSÃO S.A;230,0;230 kV;EPE — Base Existente;2026-10-07
986;LT 230 kV Candiota - Presidente Médici, C1;ELETROBRAS - Centrais Elétricas Brasileiras S/A;230,0;230 kV;EPE — Base Existente;2026-10-07
987;LT 345 kV Itumbiara - Bandeirantes, C2;FURNAS - Furnas Centrais Elétricas S.A.;345,0;345 kV;EPE — Base Existente;2026-10-07
988;LT 230 kV Itabuna III - Itapebi, C1;CHESF - CHESF - Companhia Hidro Elétrica do São Francisco;230,0;230 kV;EPE — Base Existente;2026-10-07
989;LT 525 kV Abdon Batista - Siderópolis 2, C1 (CD);EDP ALIANCA - EDP TRANSMISSAO ALIANCA SC S.A.;525,0;525 kV;EPE — Base Existente;2026-10-07
990;LT 230 kV Jorge Teixeira - Mauá III, C2;AMAZONAS GT - AMAZONAS GERAÇÃO E TRANSMISSÃO DE ENERGIA SA;230,0;230 kV;EPE — Base Existente;2026-10-07
991;LT 500 kV Teles Pires - UHE Teles Pires, C4;Não informado;0,0;Não informada / revisar;EPE — Base Existente;2026-10-07
992;LT 230 kV Aimorés - UHE Aimorés, C1;CEMIG GT - CEMIG GERAÇÃO E TRANSMISSÃO S.A;230,0;230 kV;EPE — Base Existente;2026-10-07
993;LT 230 kV Caxias - Farroupilha, C2;CEEE GT - Companhia Estadual de Geração e Transmissão de Energia Elétrica;230,0;230 kV;EPE — Base Existente;2026-10-07
994;LT 525 kV Gaspar 2 - Blumenau, C2;ELETROSUL - ELETROSUL Centrais Elétricas S.A.;525,0;525 kV;EPE — Base Existente;2026-10-07
995;LT 230 kV Jorge Lacerda B - Siderópolis, C2;ELETROSUL - ELETROSUL Centrais Elétricas S.A.;230,0;230 kV;EPE — Base Existente;2026-10-07
996;LT 230 kV Jorge Lacerda A - UTE Jorge Lacerda, C1;Não informado;230,0;230 kV;EPE — Base Existente;2026-10-07
997;LT 230 kV Itumbiara - Rio Verde, C2;FURNAS - Furnas Centrais Elétricas S.A.;230,0;230 kV;EPE — Base Existente;2026-10-07
998;LT 230 kV Extremoz II - Natal III, C1;CHESF - CHESF - Companhia Hidro Elétrica do São Francisco;230,0;230 kV;EPE — Base Existente;2026-10-07
999;LT 230 kV Santana II - Angelim, C1;CHESF - CHESF - Companhia Hidro Elétrica do São Francisco;230,0;230 kV;EPE — Base Existente;2026-10-07
1000;LT 500 kV Cláudia - Paranaíta, C3;PRTE - Paranaíta Ribeirãozinho Transmissora de Energia SA;500,0;500 kV;EPE — Base Existente;2026-10-07
1001;LT 230 kV Campo Mourão - Maringá, C1;ELETROSUL - ELETROSUL Centrais Elétricas S.A.;230,0;230 kV;EPE — Base Existente;2026-10-07
1002;LT 500 kV Pecém II - Sobral III, C1;CHESF - CHESF - Companhia Hidro Elétrica do São Francisco;500,0;500 kV;EPE — Base Existente;2026-10-07
1003;LT 230 kV São Luis II - Miranda II, C1;ELETRONORTE - Centrais Elétricas do Norte do Brasil S/A;230,0;230 kV;EPE — Base Existente;2026-10-07
1004;LT 230 kV UHE Campos Novos - UHE Campos Novos, C2;Não informado;230,0;230 kV;EPE — Base Existente;2026-10-07
1005;LT 230 kV Jorge Lacerda A - Jorge Lacerda B, C1;ELETROSUL - ELETROSUL Centrais Elétricas S.A.;230,0;230 kV;EPE — Base Existente;2026-10-07
1006;LT 500 kV Rio Verde Norte - Trindade, C1;GOIAS TRA - GOIAS TRANSMISSAO SA;500,0;500 kV;EPE — Base Existente;2026-10-07
1007;LT 230 kV UTE Global II - Global, C1;Não informado;230,0;230 kV;EPE — Base Existente;2026-10-07
1008;LT 500 kV UHE Jirau (Margem direita) - Coletora Porto Velho, C1;ENERGIA SUSTENTÁVEL - ENERGIA SUSTENTÁVEL DO BRASIL S.A;500,0;500 kV;EPE — Base Existente;2026-10-07
1009;LT 230 kV Acaraú II - Acaraú III, C2 (CD);SITE - SERRA DE IBIAPABA TRANSMISSORA DE ENERGIA S.A.;230,0;230 kV;EPE — Base Existente;2026-10-07
1010;LT 230 kV Ipatinga 1 - Mesquita, C1;CEMIG GT - CEMIG GERAÇÃO E TRANSMISSÃO S.A;230,0;230 kV;EPE — Base Existente;2026-10-07
1011;LT 230 kV Araçás - Igaporã II, C1;EOL DOS ARAÇAS - Centrais Eólicas dos Araças SA;230,0;230 kV;EPE — Base Existente;2026-10-07
1012;LT 345 kV UTE Norte Fluminense - Macaé Merchant, C1;NORTE FLUMINENSE - Usina Termelétrica Norte Fluminense S/A;345,0;345 kV;EPE — Base Existente;2026-10-07
1013;LT 230 kV Castro Norte - Ponta Grossa, C1;COPEL-GT - COPEL GERAÇÃO E TRANSMISSÃO S.A;230,0;230 kV;EPE — Base Existente;2026-10-07
1014;LT 230 kV Gralha Azul - UTE Araucária, C1;COPEL-GT - COPEL GERAÇÃO E TRANSMISSÃO S.A;230,0;230 kV;EPE — Base Existente;2026-10-07
1015;LT 500 kV Rio das Éguas - Bom Jesus da Lapa II, C1;TAESA - TRANSMISSORA ALIANÇA DE ENERGIA ELÉTRICA S A;500,0;500 kV;EPE — Base Existente;2026-10-07
1016;LT 500 kV Sol do Sertão - Gentio do Ouro II, C1;ETB - ETB - EMPRESA DE TRANSMISSAO BAIANA S.A.;500,0;500 kV;EPE — Base Existente;2026-10-07
1017;LT 500 kV Ribeirãozinho - Rio Verde Norte, C1;ITE - Itumbiara Transmissora de Energia S/A.;500,0;500 kV;EPE — Base Existente;2026-10-07
1018;LT 230 kV Cascavel - Medianeira Norte, C1;COPEL-GT - COPEL GERAÇÃO E TRANSMISSÃO S.A;230,0;230 kV;EPE — Base Existente;2026-10-07
1019;LT 230 kV Areia - São Mateus do Sul, C1;ELETROSUL - ELETROSUL Centrais Elétricas S.A.;230,0;230 kV;EPE — Base Existente;2026-10-07
1020;LT 230 kV Londrina (ESUL) - Londrina (Copel), C1;ELETROSUL - ELETROSUL Centrais Elétricas S.A.;230,0;230 kV;EPE — Base Existente;2026-10-07
1021;LT 230 kV Suape III - Termopernambuco, C1;TERMOPERNAMBUCO - Termopernambuco S/A;230,0;230 kV;EPE — Base Existente;2026-10-07
1022;LT 230 kV Vilhena - Jauru, C1;JTE - Jauru Transmissora de Energia S/A.;230,0;230 kV;EPE — Base Existente;2026-10-07
1023;LT 500 kV Pirapora 2 - Presidente Juscelino, C1;MANTIQUEIRA TRANSMIS - MANTIQUEIRA TRANSMISSORA DE ENERGIA S.A.;500,0;500 kV;EPE — Base Existente;2026-10-07
1024;LT 230 kV UTE Mauá 3 - Mauá III, C3;Não informado;230,0;230 kV;EPE — Base Existente;2026-10-07
1025;LT 230 kV Marituba - Utinga, C3 (CD);BRLIG Implantação de Sistemas de Transmissão Elétrica;230,0;230 kV;EPE — Base Existente;2026-10-07
1026;LT 230 kV Henry Borden - Piratininga, C1;CTEEP - Companhia de Transmissão de Energia Elétrica Paulista;230,0;230 kV;EPE — Base Existente;2026-10-07
1027;LT 230 kV Energia Pecém - Pecém II, C3;PORTO PECEM - Porto Pecem Geracao de Energia SA;230,0;230 kV;EPE — Base Existente;2026-10-07
1028;LT 230 kV Caxias Norte - Vinhedos, C1;Não informado;230,0;230 kV;EPE — Base Existente;2026-10-07
1029;LT 230 kV Monte Claro - Vinhedos, C1;CGT ELETROSUL - COMPANHIA DE GERAÇÃO E TRANSMISSÃO DE ENERGIA ELÉTRICA DO SUL D;230,0;230 kV;EPE — Base Existente;2026-10-07
1030;LT 525 kV Caxias Norte - Caxias, C2;ELETROSUL - ELETROSUL Centrais Elétricas S.A.;525,0;525 kV;EPE — Base Existente;2026-10-07
1031;LT 230 kV Gravataí 3 - Fibralac, C1;CEEE GT - Companhia Estadual de Geração e Transmissão de Energia Elétrica;230,0;230 kV;EPE — Base Existente;2026-10-07
1032;LT 500 kV Morro do Chapéu II - Sapeaçu, C1;ODOYA - ODOYA TRANSMISSORA DE ENERGIA S A;500,0;500 kV;EPE — Base Existente;2026-10-07
1033;LT 230 kV Recife II - Pau Ferro, C2;CHESF - CHESF - Companhia Hidro Elétrica do São Francisco;230,0;230 kV;EPE — Base Existente;2026-10-07
1034;LT 230 kV Samuel - Porto Velho, C1;ELETRONORTE - Centrais Elétricas do Norte do Brasil S/A;230,0;230 kV;EPE — Base Existente;2026-10-07
1035;LT 500 kV São Luís II - São Luís IV, C1 (CD);EDP MA I - EDP TRANSMISSAO MA I S.A.;500,0;500 kV;EPE — Base Existente;2026-10-07
1036;LT 230 kV Angelim - Garanhuns II, C4;IEG - INTERLIGAÇÃO ELÉTRICA GARANHUNS;230,0;230 kV;EPE — Base Existente;2026-10-07
1037;LT 500 kV UHE Santo Antonio Leito do rio - Coletora Porto Velho, C2;SAESA - SANTO ANTONIO ENERGIA SA;500,0;500 kV;EPE — Base Existente;2026-10-07
1038;LT 230 kV Ribeirãozinho - Barra do Peixe, C1;ITE - Itumbiara Transmissora de Energia S/A.;230,0;230 kV;EPE — Base Existente;2026-10-07
1039;LT 345 kV Corumbá - Itumbiara, C1;FURNAS - Furnas Centrais Elétricas S.A.;345,0;345 kV;EPE — Base Existente;2026-10-07
1040;LT 230 kV Coxipó - Várzea Grande 2, C2;ELETRONORTE - Centrais Elétricas do Norte do Brasil S/A;230,0;230 kV;EPE — Base Existente;2026-10-07
1041;LT 500 kV Estreito - Fernão Dias, C1;CANTAREIRA TRANSMISS - CANTAREIRA TRANSMISSORA DE ENERGIA S.A.;500,0;500 kV;EPE — Base Existente;2026-10-07
1042;LT 500 kV Fernão Dias - Terminal Rio, C1;TSM - TSM - TRANSMISSORA SERRA DA MANTIQUEIRA S.A.;500,0;500 kV;EPE — Base Existente;2026-10-07
1043;LT 500 kV Gentio do Ouro II - Bom Jesus da Lapa II, C2;RIALMA TRANSMISSORA DE ENERGIA V SA;500,0;500 kV;EPE — Base Existente;2026-10-07
1044;LT 230 kV Passo Fundo - UHE Passo Fundo, C1;ENGIE - ENGIE BRASIL ENERGIA SA;230,0;230 kV;EPE — Base Existente;2026-10-07
1045;LT 500 kV Ibiúna - Itatiba, C1;FURNAS - Furnas Centrais Elétricas S.A.;500,0;500 kV;EPE — Base Existente;2026-10-07
1046;LT 345 kV Itapeti - Nordeste, C1;FURNAS - Furnas Centrais Elétricas S.A.;345,0;345 kV;EPE — Base Existente;2026-10-07
1047;LT 230 kV Funil - Itapebi, C1;CHESF - CHESF - Companhia Hidro Elétrica do São Francisco;230,0;230 kV;EPE — Base Existente;2026-10-07
1048;LT 230 kV Pedra Branca - Sobradinho C1;PEDRA BRANCA - PEDRA BRANCA SA;230,0;230 kV;EPE — Base Existente;2026-10-07
1049;LT 230 kV Barreiras - Rio Grande II, C1;SPEDRO - SAO PEDRO TRANSMISSORA DE ENERGIA S/A;230,0;230 kV;EPE — Base Existente;2026-10-07
1050;LT 230 kV Mossoró IV - Santo Inácio, C1;SANTO INÁCIO III - CENTRAL EÓLICA SANTO INÁCIO III S A;230,0;230 kV;EPE — Base Existente;2026-10-07
1051;LT 230 kV Aquiraz II - Fortaleza, C3;CHESF - CHESF - Companhia Hidro Elétrica do São Francisco;230,0;230 kV;EPE — Base Existente;2026-10-07
1052;LT 230 kV Epasa - Mussuré II, C1;EPASA - CENTRAIS ELÉTRICAS DA PARAÍBA S.A;230,0;230 kV;EPE — Base Existente;2026-10-07
1053;LT 500 kV Serra Pelada - Integradora, C2 (CD);ENERGISA PARÁ II - ENERGISA PARÁ TRANSMISSORA DE ENERGIA II S.A.;500,0;500 kV;EPE — Base Existente;2026-10-07
1054;LT 440 kV Getulina - Jupiá, C1;CTEEP - Companhia de Transmissão de Energia Elétrica Paulista;440,0;440 kV;EPE — Base Existente;2026-10-07
1055;LT 525 kV Itá - Machadinho, C1;ELETROSUL - ELETROSUL Centrais Elétricas S.A.;525,0;525 kV;EPE — Base Existente;2026-10-07
1056;LT 230 kV Campo do Assobio - Umbará, C1;COPEL-GT - COPEL GERAÇÃO E TRANSMISSÃO S.A;230,0;230 kV;EPE — Base Existente;2026-10-07
1057;LT 230 kV São Vicente do Sul - Santa Maria 3, C1;CEEE GT - Companhia Estadual de Geração e Transmissão de Energia Elétrica;230,0;230 kV;EPE — Base Existente;2026-10-07
1058;LT 230 kV Delmiro Gouveia - Fortaleza II, C2;CHESF - CHESF - Companhia Hidro Elétrica do São Francisco;230,0;230 kV;EPE — Base Existente;2026-10-07
1059;LT 500 kV UHE Xingó - Xingó, C4;CHESF - CHESF - Companhia Hidro Elétrica do São Francisco;500,0;500 kV;EPE — Base Existente;2026-10-07
1060;LT 500 kV UTE Parnaíba V - Parnaíba, C1;Não informado;500,0;500 kV;EPE — Base Existente;2026-10-07
1061;LT 230 kV Itabira 2 - Itabira 5, C2;MANTIQUEIRA TRANSMIS - MANTIQUEIRA TRANSMISSORA DE ENERGIA S.A.;230,0;230 kV;EPE — Base Existente;2026-10-07
1062;LT 345 kV Neves 1 - Sete Lagoas 4, C1;CEMIG GT - CEMIG GERAÇÃO E TRANSMISSÃO S.A;345,0;345 kV;EPE — Base Existente;2026-10-07
1063;LT 500 kV Açailândia - Imperatriz, C1;EATE - Empresa Amazonense de Transmissão de Energia S.A.;500,0;500 kV;EPE — Base Existente;2026-10-07
1064;LT 230 kV Campo Comprido - Santa Quitéria, C1;COPEL-GT - COPEL GERAÇÃO E TRANSMISSÃO S.A;230,0;230 kV;EPE — Base Existente;2026-10-07
1065;LT 500 kV Serra da Mesa - UHE Serra da Mesa, C2;FURNAS - Furnas Centrais Elétricas S.A.;500,0;500 kV;EPE — Base Existente;2026-10-07
1066;LT 230 kV Paranaíba - Itumbiara, C1;FURNAS - Furnas Centrais Elétricas S.A.;230,0;230 kV;EPE — Base Existente;2026-10-07
1067;LT 230 kV Camaçari IV - Jacaracanga, C1;CHESF - CHESF - Companhia Hidro Elétrica do São Francisco;230,0;230 kV;EPE — Base Existente;2026-10-07
1068;LT 230 kV E3 - E4, C1;-;230,0;230 kV;EPE — Base Existente;2026-10-07
1069;LT 500 kV Xingó - Messias, C1;CHESF - CHESF - Companhia Hidro Elétrica do São Francisco;500,0;500 kV;EPE — Base Existente;2026-10-07
1070;LT 230 kV Pirineus - Xavantes, C1;FURNAS - Furnas Centrais Elétricas S.A.;230,0;230 kV;EPE — Base Existente;2026-10-07
1071;LT 345 kV UHE Jaguara - Volta Grande, C1;CEMIG GT - CEMIG GERAÇÃO E TRANSMISSÃO S.A;345,0;345 kV;EPE — Base Existente;2026-10-07
1072;LT 230 kV Abil II - Quina, C1;UNHA DANTA - CENTRAIS EOLICAS UNHA DANTA S.A;230,0;230 kV;EPE — Base Existente;2026-10-07
1073;LT 230 kV Guilman-Amorim - Nova Era 2, C1;CEMIG GT - CEMIG GERAÇÃO E TRANSMISSÃO S.A;230,0;230 kV;EPE — Base Existente;2026-10-07
1074;LT 525 kV Capivari do Sul - Gravataí, C1;PAMPA TRANSMISSORA - PAMPA TRANSMISSÃO DE ENERGIA S.A.;525,0;525 kV;EPE — Base Existente;2026-10-07
1075;LT 500 kV UHE Jirau (Margem esquerda) - Coletora Porto Velho, C3;ENERGIA SUSTENTÁVEL - ENERGIA SUSTENTÁVEL DO BRASIL S.A;500,0;500 kV;EPE — Base Existente;2026-10-07
1076;LT 230 kV UTE Global I - Global, C1;Não informado;230,0;230 kV;EPE — Base Existente;2026-10-07
1077;LT 525 kV Ivaiporã - Londrina (ESUL), C1;ELETROSUL - ELETROSUL Centrais Elétricas S.A.;525,0;525 kV;EPE — Base Existente;2026-10-07
1078;LT 230 kV Caxias Norte - Monte Claro, C1;Não informado;230,0;230 kV;EPE — Base Existente;2026-10-07
1079;LT 230 kV Jurupari - Laranjal, C1;MACAPA TRA - LINHAS DE MACAPÁ TRANSMISSORA DE ENERGIA SA;230,0;230 kV;EPE — Base Existente;2026-10-07
1080;LT 230 kV Natal III - Natal II, C2;CHESF - CHESF - Companhia Hidro Elétrica do São Francisco;230,0;230 kV;EPE — Base Existente;2026-10-07
1081;LT 230 kV Blumenau - Jaraguá do Sul, C2;ELETROSUL - ELETROSUL Centrais Elétricas S.A.;230,0;230 kV;EPE — Base Existente;2026-10-07
1082;LT 230 kV Presidente Médici - Pelotas 3, C1;CEEE GT - Companhia Estadual de Geração e Transmissão de Energia Elétrica;230,0;230 kV;EPE — Base Existente;2026-10-07
1083;LT 230 kV Recife II - Joairam, C3;CHESF - CHESF - Companhia Hidro Elétrica do São Francisco;230,0;230 kV;EPE — Base Existente;2026-10-07
1084;LT 230 kV Boa Esperança - Teresina, C1;CHESF - CHESF - Companhia Hidro Elétrica do São Francisco;230,0;230 kV;EPE — Base Existente;2026-10-07
1085;LT 230 kV Alex - Mossoró II, C1;CHESF - CHESF - Companhia Hidro Elétrica do São Francisco;230,0;230 kV;EPE — Base Existente;2026-10-07
1086;LT 230 kV Acaraú II - Itarema V, C1;ITAREMA V - EOLICA ITAREMA V S.A.;230,0;230 kV;EPE — Base Existente;2026-10-07
1087;LT 230 kV Campo Grande 2 - Paraíso 2, C1;BRILHANTE - Brilhante Transmissora de Energia Ltda;230,0;230 kV;EPE — Base Existente;2026-10-07
1088;LT 230 kV Linhares - Mascarenhas, C1;FURNAS - Furnas Centrais Elétricas S.A.;230,0;230 kV;EPE — Base Existente;2026-10-07
1089;LT 230 kV Firminópolis - Trindade, C1;FMT - Firmonópolis Transmissora S.A.;230,0;230 kV;EPE — Base Existente;2026-10-07
1090;LT 345 kV Itapeti - Santo Ângelo, C1;CTEEP - Companhia de Transmissão de Energia Elétrica Paulista;345,0;345 kV;EPE — Base Existente;2026-10-07
1091;LT 230 kV Blumenau - Gaspar 2, C1;ELETROSUL - ELETROSUL Centrais Elétricas S.A.;230,0;230 kV;EPE — Base Existente;2026-10-07
1092;LT 230 kV Uruguaiana 5 - UTE Uruguaiana, C1;AES URUGUAIANA - AES Uruguaiana Ltda.;230,0;230 kV;EPE — Base Existente;2026-10-07
1093;LT 500 kV Itabira 5 - Presidente Juscelino, C2;SPE Transmissora de Energia Linha Verde II S.A.;500,0;500 kV;EPE — Base Existente;2026-10-07
1094;LT 230 kV Mascarenhas - Verona, C1;ETES - EMPRESA DE TRANSMISSÃO DO ESPÍRITO SANTO S.A.;230,0;230 kV;EPE — Base Existente;2026-10-07
1095;LT 230 kV Rio Verde - Cachoeira Dourada, C1;FURNAS - Furnas Centrais Elétricas S.A.;230,0;230 kV;EPE — Base Existente;2026-10-07
1096;LT 500 kV Padre Paraíso 2 - Governador Valadares 6, C1;PARAÍSO TPE - TPE - TRANSMISSORA PARAISO DE ENERGIA S.A.;500,0;500 kV;EPE — Base Existente;2026-10-07
1097;LT 230 kV Nova Porto Primavera - Rosana, C2 (CD);IE TIBAGI - INTERLIGAÇÃO ELÉTRICA TIBAGI S.A.;230,0;230 kV;EPE — Base Existente;2026-10-07
1098;LT 345 kV Juiz de Fora 1 - Santos Dumont 2 C1;CEMIG GT - CEMIG GERAÇÃO E TRANSMISSÃO S.A;345,0;345 kV;EPE — Base Existente;2026-10-07
1099;LT 345 kV Marlim Azul - Lagos, C1;MARLIM AZUL ENERGIA S.A.;345,0;345 kV;EPE — Base Existente;2026-10-07
1100;LT 230 kV Porto Alegre 6 - Viamão 3, C1;CEEE GT - Companhia Estadual de Geração e Transmissão de Energia Elétrica;230,0;230 kV;EPE — Base Existente;2026-10-07
1101;LT 525 kV UHE Machadinho - Machadinho, C2;Não informado;525,0;525 kV;EPE — Base Existente;2026-10-07
1102;LT 500 kV Aroeira - Ourolândia II, C1;ENEL GREEN POWER AROEIRA 01 S.A.;500,0;500 kV;EPE — Base Existente;2026-10-07
1103;LT 230 kV UTE Porto do Pecém I - Energia Pecém, C1;Não informado;230,0;230 kV;EPE — Base Existente;2026-10-07
1104;LT 230 kV Campo Bom - Gravataí 2, C1;CEEE GT - Companhia Estadual de Geração e Transmissão de Energia Elétrica;230,0;230 kV;EPE — Base Existente;2026-10-07
1105;LT 500 kV Emborcação - Itumbiara, C1;CEMIG GT - CEMIG GERAÇÃO E TRANSMISSÃO S.A;500,0;500 kV;EPE — Base Existente;2026-10-07
1106;LT 440 kV Água Azul - Bom Jardim, C1;CTEEP - Companhia de Transmissão de Energia Elétrica Paulista;440,0;440 kV;EPE — Base Existente;2026-10-07
1107;LT 230 kV Jaíba - Sol do Cerrado, C1;Não informado;230,0;230 kV;EPE — Base Existente;2026-10-07
1108;LT 230 kV Brasnorte - Nova Mutum, C2;BRASNORTE - BRASNORTE TRANSMISSORA DE ENERGIA S.A.;230,0;230 kV;EPE — Base Existente;2026-10-07
1109;LT 230 kV Coletora Porto Velho - Porto Velho, C1;ELETRONORTE - Centrais Elétricas do Norte do Brasil S/A;230,0;230 kV;EPE — Base Existente;2026-10-07
1110;LT 230 kV Afonso Bezerra - Açu II, C1;-;230,0;230 kV;EPE — Base Existente;2026-10-07
1111;LT 500 kV Marimbondo - Morro Agudo, C1;RPTE - Ribeirão Preto Transmissora de Energia S/A.;500,0;500 kV;EPE — Base Existente;2026-10-07
1112;LT 500 kV Margem Direita - Foz do Iguaçu, C4;ITAIPU - ITAIPU Binacional;500,0;500 kV;EPE — Base Existente;2026-10-07
1113;LT 440 kV Cloud HQ - Replan, C2;Não informado;440,0;440 kV;EPE — Base Existente;2026-10-07
1114;LT 230 kV Anhanguera - Bandeirantes, C2;EDP GOIAS - EDP TRANSMISSÃO GOIÁS S.A.;230,0;230 kV;EPE — Base Existente;2026-10-07
1115;LT 230 kV Goianinha - João Pessoa II, C2;CHESF - CHESF - Companhia Hidro Elétrica do São Francisco;230,0;230 kV;EPE — Base Existente;2026-10-07
1116;LT 230 kV Paulo Afonso III - Cícero Dantas, C1;CHESF - CHESF - Companhia Hidro Elétrica do São Francisco;230,0;230 kV;EPE — Base Existente;2026-10-07
1117;LT 230 kV Termonorte II - Porto Velho, C2;TERMONORTE - Termo Norte Energia Ltda;230,0;230 kV;EPE — Base Existente;2026-10-07
1118;LT 500 kV Serra Pelada - Itacaiúnas, C1;NOVO ESTADO - NOVO ESTADO TRANSMISSORA DE ENERGIA S.A;500,0;500 kV;EPE — Base Existente;2026-10-07
1119;LT 230 kV Itumbiara - Rio Verde, C1;FURNAS - Furnas Centrais Elétricas S.A.;230,0;230 kV;EPE — Base Existente;2026-10-07
1120;LT 500 kV UHE Estreito - Estreito, C1;Não informado;500,0;500 kV;EPE — Base Existente;2026-10-07
1121;LT 230 kV Balsas - Ribeiro Gonçalves C1;ELETRONORTE - Centrais Elétricas do Norte do Brasil S/A;230,0;230 kV;EPE — Base Existente;2026-10-07
1122;LT 230 kV UHE Dardanelos - Dardanelos, C3;Não informado;230,0;230 kV;EPE — Base Existente;2026-10-07
1123;LT 230 kV Barra Grande - Campos Novos, C1;ETAU - EMPRESA DE TRANSMISSÃO DO ALTO DO URUGUAI S/A;230,0;230 kV;EPE — Base Existente;2026-10-07
1124;LT 230 kV Caxias II - Peritoró, C1;ELETRONORTE - Centrais Elétricas do Norte do Brasil S/A;230,0;230 kV;EPE — Base Existente;2026-10-07
1125;LT 500 kV Bacabeira - São Luis II, C1;ELETRONORTE - Centrais Elétricas do Norte do Brasil S/A;500,0;500 kV;EPE — Base Existente;2026-10-07
1126;LT 230 kV Energia Pecém - Pecém II, C1;PORTO PECEM - Porto Pecem Geracao de Energia SA;230,0;230 kV;EPE — Base Existente;2026-10-07
1127;LT 230 kV Ji-Paraná - Pimenta Bueno, C2;JTE - Jauru Transmissora de Energia S/A.;230,0;230 kV;EPE — Base Existente;2026-10-07
1128;LT 500 kV Emborcação - Silvânia, C1;EXPANSION - Expansion Transmissão de Energia Elétrica S.A.;500,0;500 kV;EPE — Base Existente;2026-10-07
1129;LT 230 kV Ibiapina II - Tianguá II, C1 (CD);SITE - SERRA DE IBIAPABA TRANSMISSORA DE ENERGIA S A;230,0;230 kV;EPE — Base Existente;2026-10-07
1130;LT 500 kV Paulo Afonso IV - UHE Paulo Afonso IV, C3;CHESF - CHESF - Companhia Hidro Elétrica do São Francisco;500,0;500 kV;EPE — Base Existente;2026-10-07
1131;LT 525 kV Salto Caxias - Cascavel Oeste, C1;COPEL-GT - COPEL GERAÇÃO E TRANSMISSÃO S.A;525,0;525 kV;EPE — Base Existente;2026-10-07
1132;LT 230 kV Monte Claro - UHE 14 de Julho, C1;Não informado;230,0;230 kV;EPE — Base Existente;2026-10-07
1133;LT 345 kV Xavantes - Bandeirantes, C3;CTEEP - Companhia de Transmissão de Energia Elétrica Paulista;345,0;345 kV;EPE — Base Existente;2026-10-07
1134;LT 230 kV Rio Verde - Barra do Peixe, C1;FURNAS - Furnas Centrais Elétricas S.A.;230,0;230 kV;EPE — Base Existente;2026-10-07
1135;LT 230 kV Araçuaí 2 - Irapé, C2;MANTIQUEIRA TRANSMIS - MANTIQUEIRA TRANSMISSORA DE ENERGIA S.A.;230,0;230 kV;EPE — Base Existente;2026-10-07
1136;LT 500 kV Serra do Mel 2 - Serra do Mel, C1;-;500,0;500 kV;EPE — Base Existente;2026-10-07
1137;LT 230 kV Jaboatão II - Recife II, C1;CHESF - CHESF - Companhia Hidro Elétrica do São Francisco;230,0;230 kV;EPE — Base Existente;2026-10-07
1138;LT 345 kV UHE Irapé - Irapé, C3;CEMIG GT - CEMIG GERAÇÃO E TRANSMISSÃO S.A;345,0;345 kV;EPE — Base Existente;2026-10-07
1139;LT 230 kV UHE Cana Brava - UHE São Salvador, C1;ENGIE - ENGIE BRASIL ENERGIA SA;230,0;230 kV;EPE — Base Existente;2026-10-07
1140;LT 230 kV Jacaracanga - Dow, C2;CHESF - CHESF - Companhia Hidro Elétrica do São Francisco;230,0;230 kV;EPE — Base Existente;2026-10-07
1141;LT 230 kV Baixo Iguaçu - Realeza Sul, C1;COPEL-GT - COPEL GERAÇÃO E TRANSMISSÃO S.A;230,0;230 kV;EPE — Base Existente;2026-10-07
1142;LT 345 kV Itutinga - Jeceaba, C1;MANTIQUEIRA TRANSMIS - MANTIQUEIRA TRANSMISSORA DE ENERGIA S.A.;345,0;345 kV;EPE — Base Existente;2026-10-07
1143;LT 230 kV Areia - Salto Osório, C1;ELETROSUL - ELETROSUL Centrais Elétricas S.A.;230,0;230 kV;EPE — Base Existente;2026-10-07
1144;LT 230 kV Campos Novos - UHE Campos Novos, C1;ENERCAN - Campos Novos Energia S.A;230,0;230 kV;EPE — Base Existente;2026-10-07
1145;LT 230 kV Campos Novos - Videira, C2;ATE VI - ATE VI - Campos Novos Transmissora de Energia S.A.;230,0;230 kV;EPE — Base Existente;2026-10-07
1146;LT 230 kV Nova Petrópolis 2 - Taquara, C1;CEEE GT - Companhia Estadual de Geração e Transmissão de Energia Elétrica;230,0;230 kV;EPE — Base Existente;2026-10-07
1147;Ramal LT 230 kV Aquiraz II - Banabuiú, C2 - SE Libra;-;230,0;230 kV;EPE — Base Existente;2026-10-07
1148;LT 230 kV João Câmara 2 - João Câmara III, C2 (CD);ETAP - ETAP EMPRESA TRANSMISSORA AGRESTE POTIGUAR S.A.;230,0;230 kV;EPE — Base Existente;2026-10-07
1149;LT 230 kV Campina Grande II - Campina Grande III, C3;CHESF - CHESF - Companhia Hidro Elétrica do São Francisco;230,0;230 kV;EPE — Base Existente;2026-10-07
1150;LT 500 kV Teresina II - Presidente Dutra, C2;CHESF - CHESF - Companhia Hidro Elétrica do São Francisco;500,0;500 kV;EPE — Base Existente;2026-10-07
1151;LT 230 kV Forquilhinha - Lajeado Grande, C1;ELETROSUL - ELETROSUL Centrais Elétricas S.A.;230,0;230 kV;EPE — Base Existente;2026-10-07
1152;LT 345 kV Leste - Ramom Reberte Filho, C2;CTEEP - Companhia de Transmissão de Energia Elétrica Paulista;345,0;345 kV;EPE — Base Existente;2026-10-07
1153;LT 230 kV Bateias - Campo Comprido, C1;COPEL-GT - COPEL GERAÇÃO E TRANSMISSÃO S.A;230,0;230 kV;EPE — Base Existente;2026-10-07
1154;LT 230 kV Campo Comprido - Gralha Azul, C1;COPEL-GT - COPEL GERAÇÃO E TRANSMISSÃO S.A;230,0;230 kV;EPE — Base Existente;2026-10-07
1155;LT 230 kV Trindade - Xavantes, C1;GOIAS TRA - GOIAS TRANSMISSAO SA;230,0;230 kV;EPE — Base Existente;2026-10-07
1156;LT 500 kV Padre Paraíso 2 - Governador Valadares 6, C2;IE AIMORÉS - INTERLIGAÇÃO ELÉTRICA AIMORÉS S.A.;500,0;500 kV;EPE — Base Existente;2026-10-07
1157;LT 500 kV UHE Marimbondo - Marimbondo, C7;Não informado;500,0;500 kV;EPE — Base Existente;2026-10-07
1158;LT 500 kV Itabira 5 - Vespasiano 2, C1;CEMIG GT - CEMIG GERAÇÃO E TRANSMISSÃO S.A;500,0;500 kV;EPE — Base Existente;2026-10-07
1159;LT 230 kV Passo Fundo - Xanxerê, C2;ELETROSUL - ELETROSUL Centrais Elétricas S.A.;230,0;230 kV;EPE — Base Existente;2026-10-07
1160;LT 525 kV Ivaiporã - Ponta Grossa, C1;GRALHA AZUL - GRALHA AZUL TRANSMISSÃO DE ENERGIA S.A.;525,0;525 kV;EPE — Base Existente;2026-10-07
1161;LT 500 kV Margem Direita - Foz do Iguaçu, C2;ITAIPU - ITAIPU Binacional;500,0;500 kV;EPE — Base Existente;2026-10-07
1162;LT 230 kV Paraíso - Natal II, C2;CHESF - CHESF - Companhia Hidro Elétrica do São Francisco;230,0;230 kV;EPE — Base Existente;2026-10-07
1163;LT 230 kV Umburanas - Ourolândia II, C1;UMBURANAS 1 - CENTRAIS EOLICAS UMBURANAS 1 S.A;230,0;230 kV;EPE — Base Existente;2026-10-07
1164;LT 500 kV Colinas - Ribeiro Gonçalves, C2;IENNE - INTERLIGAÇÃO ELÉTRICA NORTE E NORDESTE S.A;500,0;500 kV;EPE — Base Existente;2026-10-07
1165;LT 500 kV Silves - Lechuga, C2;MANAUS TR - MANAUS TRANSMISSORA DE ENERGIA S.A;500,0;500 kV;EPE — Base Existente;2026-10-07
1166;LT 345 kV Pirapora 2 - Três Marias, C1;Solaris Transmissão de Energia S.A.;345,0;345 kV;EPE — Base Existente;2026-10-07
1167;LT 500 kV Jauru - Cuiabá, C1;TME - Transmissora Matogrossense de Energia S.A.;500,0;500 kV;EPE — Base Existente;2026-10-07
1168;LT 230 kV São Mateus do Sul - Petrobrás C1;-;230,0;230 kV;EPE — Base Existente;2026-10-07
1169;LT 230 kV Sabará 3 - Taquaril, C1;CEMIG GT - CEMIG GERAÇÃO E TRANSMISSÃO S.A;230,0;230 kV;EPE — Base Existente;2026-10-07
1170;LT 500 kV Cachoeira Paulista - Resende, C1;FURNAS - Furnas Centrais Elétricas S.A.;500,0;500 kV;EPE — Base Existente;2026-10-07
1171;LT 230 kV Chapadão - Paraíso 2, C1;BRILHANTE - Brilhante Transmissora de Energia Ltda;230,0;230 kV;EPE — Base Existente;2026-10-07
1172;LT 230 kV Paulo Afonso III - Itabaiana, C2;CHESF - CHESF - Companhia Hidro Elétrica do São Francisco;230,0;230 kV;EPE — Base Existente;2026-10-07
1173;LT 230 kV UHE Dardanelos - Dardanelos, C5;Não informado;230,0;230 kV;EPE — Base Existente;2026-10-07
1174;LT 500 kV Ibicoara - Igaporã III, C1;TAESA - TRANSMISSORA ALIANÇA DE ENERGIA ELÉTRICA S A;500,0;500 kV;EPE — Base Existente;2026-10-07
1175;LT 230 kV Asolo 2 - Edéia, C1;Goyaz Transmissão de Energia S.A;230,0;230 kV;EPE — Base Existente;2026-10-07
1176;LT 345 kV Campos - Macaé Merchant, C2;FURNAS - Furnas Centrais Elétricas S.A.;345,0;345 kV;EPE — Base Existente;2026-10-07
1177;LT 525 kV Guaíba 3 - Povo Novo, C1;CGT ELETROSUL - COMPANHIA DE GERAÇÃO E TRANSMISSÃO DE ENERGIA ELÉTRICA DO SUL D;525,0;525 kV;EPE — Base Existente;2026-10-07
1178;LT 230 kV Alegrete 2 - Uruguaiana 5, C1;CEEE GT - Companhia Estadual de Geração e Transmissão de Energia Elétrica;230,0;230 kV;EPE — Base Existente;2026-10-07
1179;LT 230 kV Peróxidos - Umbará, C1;Não informado;230,0;230 kV;EPE — Base Existente;2026-10-07
1180;LT 230 kV Abdon Batista - UHE Garibaldi, C1;RIO CANOAS - RIO CANOAS ENERGIA SA;230,0;230 kV;EPE — Base Existente;2026-10-07
1181;LT 230 kV Babilônia - Morro do Chapéu II, C1;EDP;230,0;230 kV;EPE — Base Existente;2026-10-07
1182;LT 500 kV Olindina - Luiz Gonzaga, C1;CHESF - CHESF - Companhia Hidro Elétrica do São Francisco;500,0;500 kV;EPE — Base Existente;2026-10-07
1183;LT 500 kV Adrianópolis - São José, C1;FURNAS - Furnas Centrais Elétricas S.A.;500,0;500 kV;EPE — Base Existente;2026-10-07
1184;LT 500 kV Sinop - Cláudia, C1;MATRINCHA - MATRINCHA TRANSMISSORA DE ENERGIA S A;500,0;500 kV;EPE — Base Existente;2026-10-07
1185;LT 230 kV Cachoeirinha 3 - Gravataí 2, C1;CEEE GT - Companhia Estadual de Geração e Transmissão de Energia Elétrica;230,0;230 kV;EPE — Base Existente;2026-10-07
1186;LT 440 kV Araraquara CTP - Piracicaba, C1;CTEEP - Companhia de Transmissão de Energia Elétrica Paulista;440,0;440 kV;EPE — Base Existente;2026-10-07
1187;LT 500 kV Campinas - Itatiba, C1;FURNAS - Furnas Centrais Elétricas S.A.;500,0;500 kV;EPE — Base Existente;2026-10-07
1188;LT 230 kV Aventura II-V - João Câmara 2, C1;Central Eólica Aventura II S.A.;230,0;230 kV;EPE — Base Existente;2026-10-07
1189;LT 230 kV Caxias - Caxias 6, C1;CEEE GT - Companhia Estadual de Geração e Transmissão de Energia Elétrica;230,0;230 kV;EPE — Base Existente;2026-10-07
1190;LT 230 kV Cidade Industrial - Gravataí 2, C4;CEEE GT - Companhia Estadual de Geração e Transmissão de Energia Elétrica;230,0;230 kV;EPE — Base Existente;2026-10-07
1191;LT 230 kV UTE Jaguatirica II - Boa Vista, C1;-;230,0;230 kV;EPE — Base Existente;2026-10-07
1192;LT 525 kV Guaíra - Foz do Iguaçu, C2 (CD);IE IVAI - INTERLIGAÇÃO ELÉTRICA IVAÍ S.A.;525,0;525 kV;EPE — Base Existente;2026-10-07
1193;LT 345 kV Interlagos - Embu-Guaçu, C2;CTEEP - Companhia de Transmissão de Energia Elétrica Paulista;345,0;345 kV;EPE — Base Existente;2026-10-07
1194;LT 345 kV UHE Luiz Carlos Barreto de Carvalho - Poços de Caldas, C2;FURNAS - Furnas Centrais Elétricas S.A.;345,0;345 kV;EPE — Base Existente;2026-10-07
1195;LT 230 kV Chapadão - Inocência, C2;ITATIM - Linhas de Transmissão Itatim Ldta;230,0;230 kV;EPE — Base Existente;2026-10-07
1196;LT 230 kV Itiquira - Rondonópolis, C1;ITIQUIRA - Itiquira Energética S/A;230,0;230 kV;EPE — Base Existente;2026-10-07
1197;LT 230 kV Paranaíba - Itumbiara, C2;GELG Geração e Transmissão S/A - CELG GT;230,0;230 kV;EPE — Base Existente;2026-10-07
1198;LT 500 kV Paulo Afonso IV - Xingó, C1;CHESF - CHESF - Companhia Hidro Elétrica do São Francisco;500,0;500 kV;EPE — Base Existente;2026-10-07
1199;LT 230 kV Mirueira II - Pau Ferro, C1;CHESF - CHESF - Companhia Hidro Elétrica do São Francisco;230,0;230 kV;EPE — Base Existente;2026-10-07
1200;LT 230 kV UTE Suape II - Suape II, C2;SUAPE II - Energética Suape II S.A.;230,0;230 kV;EPE — Base Existente;2026-10-07
1201;LT 230 kV Angelim - Garanhuns II, C2;CHESF - CHESF - Companhia Hidro Elétrica do São Francisco;230,0;230 kV;EPE — Base Existente;2026-10-07
1202;LT 230 kV Igaporã III - Pindaí II, C3;TJMME - TRANSMISSORA JOSE MARIA DE MACEDO DE ELETRICIDADE S.A.;230,0;230 kV;EPE — Base Existente;2026-10-07
1203;LT 500 kV Arinos 2 - Rio das Éguas, C1;VEREDAS - VEREDAS TRANSMISSORA DE ELETRICIDADE S A;500,0;500 kV;EPE — Base Existente;2026-10-07
1204;LT 500 kV Cuiabá - Ribeirãozinho, C1;ITE - Itumbiara Transmissora de Energia S/A.;500,0;500 kV;EPE — Base Existente;2026-10-07
1205;LT 230 kV Anastácio - Corumbá 2, C1;LTC - LINHA DE TRANSMISSÃO CORUMBÁ;230,0;230 kV;EPE — Base Existente;2026-10-07
1206;LT 440 kV Ilha Solteira - Água Vermelha, C1;CTEEP - Companhia de Transmissão de Energia Elétrica Paulista;440,0;440 kV;EPE — Base Existente;2026-10-07
1207;LT 440 kV Araraquara 2 - Araraquara CTP, C1;ARARAQUARA - ARARAQUARA TRANSMISSORA DE ENERGIA S.A;440,0;440 kV;EPE — Base Existente;2026-10-07
1208;LT 230 kV Cauípe - Maracanaú, C1;CHESF - CHESF - Companhia Hidro Elétrica do São Francisco;230,0;230 kV;EPE — Base Existente;2026-10-07
1209;LT 230 kV Aldeia - Pau Ferro, C1;EPESA - CENTRAIS ELÉTRICAS DE PERNAMBUCO S.A.;230,0;230 kV;EPE — Base Existente;2026-10-07
1210;LT 500 kV Cláudia - Paranatinga, C1;MATRINCHA - MATRINCHA TRANSMISSORA DE ENERGIA S A;500,0;500 kV;EPE — Base Existente;2026-10-07
1211;LT 500 kV Morro do Chapéu II - Ourolândia II, C1;TJMME - TRANSMISSORA JOSE MARIA DE MACEDO DE ELETRICIDADE S.A.;500,0;500 kV;EPE — Base Existente;2026-10-07
1212;LT 230 kV Cachoeirinha 3 - Cidade Industrial, C1;CEEE GT - Companhia Estadual de Geração e Transmissão de Energia Elétrica;230,0;230 kV;EPE — Base Existente;2026-10-07
1213;LT 230 kV Irati Norte - Ponta Grossa, C1;CGT ELETROSUL - Companhia de Geração e Transmissão de Energia Elétrica do Sul do Brasil;230,0;230 kV;EPE — Base Existente;2026-10-07
1214;LT 230 kV Ibiporã - Londrina (ESUL), C2;COPEL-GT - COPEL GERAÇÃO E TRANSMISSÃO S.A;230,0;230 kV;EPE — Base Existente;2026-10-07
1215;LT 765 kV Itaberá - Tijuco Preto, C1;Furnas Centrais Elétricas S.A.;765,0;765 kV;EPE — Base Existente;2026-10-07
1216;LT 230 kV Curitiba - Joinville, C1;ELETROSUL - ELETROSUL Centrais Elétricas S.A.;230,0;230 kV;EPE — Base Existente;2026-10-07
1217;LT 230 kV Gralha Azul - UTE Araucária, C3;COPEL-GT - COPEL GERAÇÃO E TRANSMISSÃO S.A;230,0;230 kV;EPE — Base Existente;2026-10-07
1218;LT 230 kV Bateias - Campo Comprido, C3;COPEL-GT - COPEL GERAÇÃO E TRANSMISSÃO S.A;230,0;230 kV;EPE — Base Existente;2026-10-07
1219;LT 500 kV Poços de Caldas - Itajubá 3, C1;FURNAS - Furnas Centrais Elétricas S.A.;500,0;500 kV;EPE — Base Existente;2026-10-07
1220;LT 230 kV Cascavel - Salto Osório, C1;COPEL-GT - COPEL GERAÇÃO E TRANSMISSÃO S.A;230,0;230 kV;EPE — Base Existente;2026-10-07
1221;LT 230 kV Ibiapina II - Marangatu, C1;SITE - SERRA DE IBIAPABA TRANSMISSORA DE ENERGIA S A;230,0;230 kV;EPE — Base Existente;2026-10-07
1222;LT 230 kV Itajaí - Itajaí 2, C1;Não informado;230,0;230 kV;EPE — Base Existente;2026-10-07
1223;LT 230 kV Gravataí 2 - Gravataí, C1;CEEE-T - COMPANHIA ESTADUAL DE TRANSMISSÃO DE ENERGIA ELETRICA - CEEE-T;230,0;230 kV;EPE — Base Existente;2026-10-07
1224;LT 230 kV Osório 2 - Osório 3, C1;CPFL SUL II - CPFL TRANSMISSÃO DE ENERGIA SUL II LTDA.;230,0;230 kV;EPE — Base Existente;2026-10-07
1225;LT 230 kV Pirapama II - Suape II, C2;CHESF - CHESF - Companhia Hidro Elétrica do São Francisco;230,0;230 kV;EPE — Base Existente;2026-10-07
1226;LT 500 kV Olindina - Camaçari II, C1;CHESF - CHESF - Companhia Hidro Elétrica do São Francisco;500,0;500 kV;EPE — Base Existente;2026-10-07
1227;LT 500 kV Imperatriz - Presidente Dutra, C2;ELETRONORTE - Centrais Elétricas do Norte do Brasil S/A;500,0;500 kV;EPE — Base Existente;2026-10-07
1228;LT 230 kV Areia - Guarapuava Oeste, C1;CGT ELETROSUL - Companhia de Geração e Transmissão de Energia Elétrica do Sul do Brasil;230,0;230 kV;EPE — Base Existente;2026-10-07
1229;LT 230 kV Figueira - Chavantes, C1;COPEL-GT - COPEL GERAÇÃO E TRANSMISSÃO S.A;230,0;230 kV;EPE — Base Existente;2026-10-07
1230;LT 230 kV Gravataí 2 - Gravataí, C2;CEEE-T - COMPANHIA ESTADUAL DE TRANSMISSÃO DE ENERGIA ELETRICA - CEEE-T;230,0;230 kV;EPE — Base Existente;2026-10-07
1231;LT 230 kV Lagoa dos Barros - Osório 3, C1;VENTOS DO SUL - Ventos do Sul Energia S.A.;230,0;230 kV;EPE — Base Existente;2026-10-07
1232;LT 345 kV Jaguara - UHE Jaguara, C1;Não informado;345,0;345 kV;EPE — Base Existente;2026-10-07
1233;LT 230 kV Barreiras - Barreiras II, C1;CHESF - CHESF - Companhia Hidro Elétrica do São Francisco;230,0;230 kV;EPE — Base Existente;2026-10-07
1234;LT 230 kV Nossa Senhora do Socorro - Fafen, C1;CHESF - CHESF - Companhia Hidro Elétrica do São Francisco;230,0;230 kV;EPE — Base Existente;2026-10-07
1235;LT 500 kV Gurupi - Miracema, C1;FURNAS - Furnas Centrais Elétricas S.A.;500,0;500 kV;EPE — Base Existente;2026-10-07
1236;LT 230 kV Chapada I - Curral Novo do Piauí, C1;VSJ II - VENTOS DE SANTA JOANA II ENERGIAS RENOVAVEIS S.A.;230,0;230 kV;EPE — Base Existente;2026-10-07
1237;LT 500 kV Araripe IV - Curral Novo do Piauí II, C1;VENTOS DE SÃO ZACARIAS 01 ENERGIAS RENOVAVEIS S.A.;500,0;500 kV;EPE — Base Existente;2026-10-07
1238;LT 500 kV Gentio do Ouro II - Ourolândia II, C1;TJMME - TRANSMISSORA JOSE MARIA DE MACEDO DE ELETRICIDADE S.A.;500,0;500 kV;EPE — Base Existente;2026-10-07
1239;LT 230 kV Serra do Assuruá - Gentio do Ouro II, C1;Não informado;230,0;230 kV;EPE — Base Existente;2026-10-07
1240;LT 230 kV Recife II - Goianinha, C2;CHESF - CHESF - Companhia Hidro Elétrica do São Francisco;230,0;230 kV;EPE — Base Existente;2026-10-07
1241;LT 230 kV UHE Itapebi - Itapebi, C2;Não informado;230,0;230 kV;EPE — Base Existente;2026-10-07
1242;LT 600 kV CC Coletora Porto Velho - Araraquara 2, C2;IEM - INTERLIGAÇÃO ELETRICA DO MADEIRA S.A;600,0;600 kV;EPE — Base Existente;2026-10-07
1243;LT 500 kV Cachoeira Paulista - Estreito, C1;EDP SP-MG - EDP TRANSMISSAO SP-MG S.A.;500,0;500 kV;EPE — Base Existente;2026-10-07
1244;LT 230 kV Ilha Solteira 2 - Inocência, C2;ITATIM - Linhas de Transmissão Itatim Ldta;230,0;230 kV;EPE — Base Existente;2026-10-07
1245;LT 230 kV Charqueadas 3 - Charqueadas, C2;Não informado;230,0;230 kV;EPE — Base Existente;2026-10-07
1246;LT 230 kV Chapada II - Picos, C1;VSJIX - VENTOS DE SANTA JOANA IX ENERGIAS RENOVÁVEIS S.A.;230,0;230 kV;EPE — Base Existente;2026-10-07
1247;LT 230 kV Cabreúva - Edgard Souza, C3;CTEEP - Companhia de Transmissão de Energia Elétrica Paulista;230,0;230 kV;EPE — Base Existente;2026-10-07
1248;LT 525 kV Biguaçu - Gaspar 2, C1;ELETROSUL - ELETROSUL Centrais Elétricas S.A.;525,0;525 kV;EPE — Base Existente;2026-10-07
1249;LT 500 kV UHE Itaipu - Foz do Iguaçu, C1;ITAIPU - ITAIPU Binacional;500,0;500 kV;EPE — Base Existente;2026-10-07
1250;LT 230 kV Campo Mourão - Salto Osório, C1;ELETROSUL - ELETROSUL Centrais Elétricas S.A.;230,0;230 kV;EPE — Base Existente;2026-10-07
1251;LT 500 kV Barreiras III - Barreiras II, C1;Não informado;500,0;500 kV;EPE — Base Existente;2026-10-07
1252;LT 230 kV Camaçari IV - Jacaracanga, C2;CHESF - CHESF - Companhia Hidro Elétrica do São Francisco;230,0;230 kV;EPE — Base Existente;2026-10-07
1253;LT 500 kV Cia. Siderúrgica do Atlântico - Zona Oeste, C1;CSA - Thyssenkrupp CSA Siderurgica do Atlântico;500,0;500 kV;EPE — Base Existente;2026-10-07
1254;LT 230 kV Chapadão - Jataí, C2;TRANSENER RENOVAVEL - Transenergia Renovável S.A.;230,0;230 kV;EPE — Base Existente;2026-10-07
1255;LT 500 kV Araraquara 2 - Araraquara FUR, C1;ARARAQUARA - ARARAQUARA TRANSMISSORA DE ENERGIA S.A;500,0;500 kV;EPE — Base Existente;2026-10-07
1256;LT 230 kV Santa Quitéria - Umbará, C1;COPEL-GT - COPEL GERAÇÃO E TRANSMISSÃO S.A;230,0;230 kV;EPE — Base Existente;2026-10-07
1257;LT 440 kV CBA 2 - Embu-Guaçu, C1;CTEEP - Companhia de Transmissão de Energia Elétrica Paulista;440,0;440 kV;EPE — Base Existente;2026-10-07
1258;LT 230 kV Floresta II - E2, C1;-;230,0;230 kV;EPE — Base Existente;2026-10-07
1259;LT 500 kV Serra das Almas I - Serra das Almas II, C1;Não informado;500,0;500 kV;EPE — Base Existente;2026-10-07
1260;LT 230 kV Serra da Mesa - Niquelândia, C2;TRANSENER GOIÁS - Transenergia Goiás S.A.;230,0;230 kV;EPE — Base Existente;2026-10-07
1261;LT 230 kV Itaguaçu - UHE Salto do Rio Verdinho, C1;CBA - Companhia Brasileira de Aluminio;230,0;230 kV;EPE — Base Existente;2026-10-07
1262;LT 230 kV Campina Grande II - UTE Campina Grande, C1;BORBOREMA ENERGETICA - Borborema Energética S.A.;230,0;230 kV;EPE — Base Existente;2026-10-07
1263;LT 230 kV Juazeiro II - Juazeiro III, C1;ODOYA - ODOYA TRANSMISSORA DE ENERGIA S A;230,0;230 kV;EPE — Base Existente;2026-10-07
1264;LT 345 kV Macaé Merchant - Venda das Pedras, C1;FURNAS - Furnas Centrais Elétricas S.A.;345,0;345 kV;EPE — Base Existente;2026-10-07
1265;LT 345 kV Sete Lagoas 4 - Betim 6, C1;MANTIQUEIRA TRANSMIS - MANTIQUEIRA TRANSMISSORA DE ENERGIA S.A.;345,0;345 kV;EPE — Base Existente;2026-10-07
1266;LT 345 kV Xavantes - Milton Fornasaro, C1;CTEEP - Companhia de Transmissão de Energia Elétrica Paulista;345,0;345 kV;EPE — Base Existente;2026-10-07
1267;LT 230 kV Ford - Polo, C1;AFLUENTE TRANSMISSÃO - Afluente Transmissão de Energia Elétrica SA;230,0;230 kV;EPE — Base Existente;2026-10-07
1268;LT 440 kV Araras - Replan, C1;CTEEP - Companhia de Transmissão de Energia Elétrica Paulista;440,0;440 kV;EPE — Base Existente;2026-10-07
1269;LT 500 kV Grajaú - Nova Iguaçu, C1;FURNAS - Furnas Centrais Elétricas S.A.;500,0;500 kV;EPE — Base Existente;2026-10-07
1270;LT 500 kV Angra - Zona Oeste, C1;FURNAS - Furnas Centrais Elétricas S.A.;500,0;500 kV;EPE — Base Existente;2026-10-07
1271;LT 440 kV Bauru - Getulina, C1;CTEEP - Companhia de Transmissão de Energia Elétrica Paulista;440,0;440 kV;EPE — Base Existente;2026-10-07
1272;LT 500 kV Igaporã III - Janaúba 3, C2;EQUATORIAL 5 - Equatorial Transmissora 5 SPE SA;500,0;500 kV;EPE — Base Existente;2026-10-07
1273;LT 230 kV UHE Apolônio Sales - Paulo Afonso III, C1;CHESF - CHESF - Companhia Hidro Elétrica do São Francisco;230,0;230 kV;EPE — Base Existente;2026-10-07
1274;LT 230 kV Lajeado - Palmas, C2 (CD);MIRACEMA - MIRACEMA TRANSMISSORA DE ENERGIA ELETRICA S/A;230,0;230 kV;EPE — Base Existente;2026-10-07
1275;LT 230 kV Guaíba 2 - Guaíba 3, C2 (CD);CHIMARRÃO - CHIMARRÃO TRANSMISSORA DE ENERGIA S.A.;230,0;230 kV;EPE — Base Existente;2026-10-07
1276;LT 230 kV Curitiba Leste - Santa Mônica, C1;COPEL-GT - COPEL GERAÇÃO E TRANSMISSÃO S.A;230,0;230 kV;EPE — Base Existente;2026-10-07
1277;LT 345 kV Interlagos - Xavantes, C1;CTEEP - Companhia de Transmissão de Energia Elétrica Paulista;345,0;345 kV;EPE — Base Existente;2026-10-07
1278;LT 500 kV UHE Emborcação - Emborcação, C1;Não informado;500,0;500 kV;EPE — Base Existente;2026-10-07
1279;LT 230 kV Botucatu - Capão Bonito, C1;CTEEP - Companhia de Transmissão de Energia Elétrica Paulista;230,0;230 kV;EPE — Base Existente;2026-10-07
1280;LT 230 kV Nova Mutum - Sorriso, C2;EBTE TRA - EMPRESA BRASILEIRA DE TRANSMISSÃO DE ENERGIA S.A;230,0;230 kV;EPE — Base Existente;2026-10-07
1281;LT 440 kV Ilha Solteira - Três Irmãos, C2;IE TIBAGI - INTERLIGAÇÃO ELÉTRICA TIBAGI S.A.;440,0;440 kV;EPE — Base Existente;2026-10-07
1282;LT 440 kV Baguaçu - Bauru, C1;IE AGUAPEI - INTERLIGAÇÃO ELÉTRICA AGUAPEÍ S.A.;440,0;440 kV;EPE — Base Existente;2026-10-07
1283;LT 230 kV Biguaçu - Gaspar 2, C1;ELETROSUL - ELETROSUL Centrais Elétricas S.A.;230,0;230 kV;EPE — Base Existente;2026-10-07
1284;LT 230 kV Maçambará 3 - Santo Ângelo, C2;Não informado;230,0;230 kV;EPE — Base Existente;2026-10-07
1285;LT 500 kV Lechuga - Equador, C2 (CD);Não informado;500,0;500 kV;EPE — Base Existente;2026-10-07
1286;LT 500 kV Tucuruí - Xingu, C2;XINGU TRA - LINHAS DE XINGU TRANSMISSORA DE ENERGIA SA;500,0;500 kV;EPE — Base Existente;2026-10-07
1287;LT 230 kV Recife II - Joairam, C1;CHESF - CHESF - Companhia Hidro Elétrica do São Francisco;230,0;230 kV;EPE — Base Existente;2026-10-07
1288;LT 230 kV Jauru - Juba, C1;BRASNORTE - BRASNORTE TRANSMISSORA DE ENERGIA S.A.;230,0;230 kV;EPE — Base Existente;2026-10-07
1289;LT 500 kV Lajeado - Miracema, C2;MIRACEMA - MIRACEMA TRANSMISSORA DE ENERGIA ELETRICA S/A;500,0;500 kV;EPE — Base Existente;2026-10-07
1290;LT 230 kV Charqueadas 3 - Charqueadas, C1;Não informado;230,0;230 kV;EPE — Base Existente;2026-10-07
1291;LT 230 kV Itá - Pinhalzinho 2, C1 (CD);CPFL SUL I - CPFL TRANSMISSÃO DE ENERGIA SUL I LTDA.;230,0;230 kV;EPE — Base Existente;2026-10-07
1292;LT 230 kV Abdon Batista - São Roque, C1;SÃO ROQUE;230,0;230 kV;EPE — Base Existente;2026-10-07
1293;LT 230 kV Cascavel Oeste - Medianeira Norte, C1;ATE VII - ATE VII - FOZ DO IGUAÇU TRANSMISSORA DE ENERGIA S.A.;230,0;230 kV;EPE — Base Existente;2026-10-07
1294;LT 230 kV Cidade Industrial de Curitiba - Umbará, C1;COPEL-GT - COPEL GERAÇÃO E TRANSMISSÃO S.A;230,0;230 kV;EPE — Base Existente;2026-10-07
1295;LT 230 kV UHE Balbina - Balbina, C4;Não informado;230,0;230 kV;EPE — Base Existente;2026-10-07
1296;LT 500 kV Campinas - Itatiba, C2;CAMPINAS ITATIBA - TRANSMISSORA DE ENERGIA CAMPINAS ITATIBA - SPE LTDA.;500,0;500 kV;EPE — Base Existente;2026-10-07
1297;LT 230 kV Centro CTT - Centro CTR C1;CTEEP - Companhia de Transmissão de Energia Elétrica Paulista;230,0;230 kV;EPE — Base Existente;2026-10-07
1298;LT 345 kV Furnas - Varginha 4, C1;FURNAS - Furnas Centrais Elétricas S.A.;345,0;345 kV;EPE — Base Existente;2026-10-07
1299;LT 440 kV Alta Paulista - Marechal Rondon, C1;CTEEP - Companhia de Transmissão de Energia Elétrica Paulista;440,0;440 kV;EPE — Base Existente;2026-10-07
1300;LT 230 kV Juba - Brasnorte, C1;EBTE TRA - EMPRESA BRASILEIRA DE TRANSMISSÃO DE ENERGIA S.A;230,0;230 kV;EPE — Base Existente;2026-10-07
1301;LT 230 kV Igaporã III - Pindaí II, C2;TJMME - TRANSMISSORA JOSE MARIA DE MACEDO DE ELETRICIDADE S.A.;230,0;230 kV;EPE — Base Existente;2026-10-07
1302;LT 500 kV Marabá - Tucuruí, C4;ENTE - Empresa Norte de Transmissão de Energia S. A .;500,0;500 kV;EPE — Base Existente;2026-10-07
1303;LT 230 kV São Clemente - Garanhuns II C1;VENTOS S CLEMENTE 1 - VENTOS DE SAO CLEMENTE I ENERGIAS RENOVAVEIS S.A;230,0;230 kV;EPE — Base Existente;2026-10-07
1304;LT 345 kV UHE Furnas - Furnas, C2;Não informado;345,0;345 kV;EPE — Base Existente;2026-10-07
1305;LT 345 kV Betim 6 - Neves 1, C1;CEMIG GT - CEMIG GERAÇÃO E TRANSMISSÃO S.A;345,0;345 kV;EPE — Base Existente;2026-10-07
1306;LT 500 kV UHE Xingó - Xingó, C2;CHESF - CHESF - Companhia Hidro Elétrica do São Francisco;500,0;500 kV;EPE — Base Existente;2026-10-07
1307;LT 230 kV Jandaia - Russas II, C1;-;230,0;230 kV;EPE — Base Existente;2026-10-07
1308;LT 230 kV Cauípe - Sobral II, C1;CHESF - CHESF - Companhia Hidro Elétrica do São Francisco;230,0;230 kV;EPE — Base Existente;2026-10-07
1309;LT 230 kV Itapeti - São José dos Campos, C1;CTEEP - Companhia de Transmissão de Energia Elétrica Paulista;230,0;230 kV;EPE — Base Existente;2026-10-07
1310;LT 440 kV UHE Porto Primavera - Novo Porto Primavera, C1;PORTO PRIMAVERA - Porto Primavera Transmissora de Energia S/A.;440,0;440 kV;EPE — Base Existente;2026-10-07
1311;LT 230 kV Taquara - Osório 2, C1;CEEE GT - Companhia Estadual de Geração e Transmissão de Energia Elétrica;230,0;230 kV;EPE — Base Existente;2026-10-07
1312;LT 500 kV Arizona - Sobradinho, C1;Não informado;500,0;500 kV;EPE — Base Existente;2026-10-07
1313;LT 500 kV Paulo Afonso IV - UHE Paulo Afonso IV, C6;CHESF - CHESF - Companhia Hidro Elétrica do São Francisco;500,0;500 kV;EPE — Base Existente;2026-10-07
1314;LT 500 kV Pau Ferro - Recife II, C1;CHESF - CHESF - Companhia Hidro Elétrica do São Francisco;500,0;500 kV;EPE — Base Existente;2026-10-07
1315;LT 230 kV Milagres - Coremas, C2;CHESF - CHESF - Companhia Hidro Elétrica do São Francisco;230,0;230 kV;EPE — Base Existente;2026-10-07
1316;LT 230 kV UHE Pimental - Pimental, C2;Não informado;230,0;230 kV;EPE — Base Existente;2026-10-07
1317;LT 500 kV UTE Maranhão V - Parnaíba, C1;Não informado;500,0;500 kV;EPE — Base Existente;2026-10-07
1318;LT 230 kV Angelim - Messias, C3;CHESF - CHESF - Companhia Hidro Elétrica do São Francisco;230,0;230 kV;EPE — Base Existente;2026-10-07
1319;LT 230 kV Angelim - Ribeirão, C2;CHESF - CHESF - Companhia Hidro Elétrica do São Francisco;230,0;230 kV;EPE — Base Existente;2026-10-07
1320;LT 230 kV Anastácio - Dourados, C1;ELETROSUL - ELETROSUL Centrais Elétricas S.A.;230,0;230 kV;EPE — Base Existente;2026-10-07
1321;LT 440 kV Santo Ângelo - Solvay, C1;CTEEP - Companhia de Transmissão de Energia Elétrica Paulista;440,0;440 kV;EPE — Base Existente;2026-10-07
1322;LT 230 kV Salto Osório - Xanxerê, C1;ELETROSUL - ELETROSUL Centrais Elétricas S.A.;230,0;230 kV;EPE — Base Existente;2026-10-07
1323;LT 230 kV Bongi - Açonorte, C1;CHESF - CHESF - Companhia Hidro Elétrica do São Francisco;230,0;230 kV;EPE — Base Existente;2026-10-07
1324;LT 230 kV Chapada I - Chapada II, C1;SIMOES - SIMÕES TRANSMISSORA DE ENERGIA ELÉTRICA S.A.;230,0;230 kV;EPE — Base Existente;2026-10-07
1325;LT 230 kV Camaçari II - UTE Camaçari, C1;CHESF - CHESF - Companhia Hidro Elétrica do São Francisco;230,0;230 kV;EPE — Base Existente;2026-10-07
1326;LT 345 kV Anhanguera - Guarulhos, C1;CTEEP - Companhia de Transmissão de Energia Elétrica Paulista;345,0;345 kV;EPE — Base Existente;2026-10-07
1327;LT 345 kV Rio Novo do Sul - Vitória, C1;FURNAS - Furnas Centrais Elétricas S.A.;345,0;345 kV;EPE — Base Existente;2026-10-07
1328;LT 345 kV Sete Lagoas 4 - Três Marias, C1;CEMIG GT - CEMIG GERAÇÃO E TRANSMISSÃO S.A;345,0;345 kV;EPE — Base Existente;2026-10-07
1329;LT 230 kV Carcará II - Amazonas, C1;CAIÇARA I - Usina de Energia Eólica Caiçara I SA;230,0;230 kV;EPE — Base Existente;2026-10-07
1330;LT 525 kV Caxias Norte - Caxias, C1;ELETROSUL - ELETROSUL Centrais Elétricas S.A.;525,0;525 kV;EPE — Base Existente;2026-10-07
1331;LT 230 kV Paraíso - Natal II, C1;CHESF - CHESF - Companhia Hidro Elétrica do São Francisco;230,0;230 kV;EPE — Base Existente;2026-10-07
1332;LT 500 kV Rio do Vento - Rio do Vento Expansão, C1;Não informado;500,0;500 kV;EPE — Base Existente;2026-10-07
1333;LT 230 kV Guarita - Santa Rosa 1, C1;CEEE GT - Companhia Estadual de Geração e Transmissão de Energia Elétrica;230,0;230 kV;EPE — Base Existente;2026-10-07
1334;LT 525 kV Campos Novos - Machadinho, C1;ELETROSUL - ELETROSUL Centrais Elétricas S.A.;525,0;525 kV;EPE — Base Existente;2026-10-07
1335;LT 345 kV Viana - Viana 2, C2;MGE TRA - MGE TRANSMISSO SA;345,0;345 kV;EPE — Base Existente;2026-10-07
1336;LT 500 kV Sol do Sertão - Bom Jesus da Lapa II, C1;ETB - ETB - EMPRESA DE TRANSMISSAO BAIANA S.A.;500,0;500 kV;EPE — Base Existente;2026-10-07
1337;LT 500 kV Parnaíba III - Tianguá II, C1;SITE - SERRA DE IBIAPABA TRANSMISSORA DE ENERGIA S A;500,0;500 kV;EPE — Base Existente;2026-10-07
1338;LT 230 kV UTE Termoceará - Cauípe, C1;PETROBRAS - Petroleo Brasileiro S.A;230,0;230 kV;EPE — Base Existente;2026-10-07
1339;LT 525 kV Candiota 2 - Guaíba 3, C1 (CD);CHIMARRÃO - CHIMARRÃO TRANSMISSORA DE ENERGIA S.A.;525,0;525 kV;EPE — Base Existente;2026-10-07
1340;LT 230 kV Gravataí 2 - Porto Alegre 8, C1;CEEE GT - Companhia Estadual de Geração e Transmissão de Energia Elétrica;230,0;230 kV;EPE — Base Existente;2026-10-07
1341;LT 230 kV Castanhal - Utinga, C1;ELETRONORTE - Centrais Elétricas do Norte do Brasil S/A;230,0;230 kV;EPE — Base Existente;2026-10-07
1342;LT 230 kV Cerquilho III - Toyota, C1;CTEEP - Companhia de Transmissão de Energia Elétrica Paulista;230,0;230 kV;EPE — Base Existente;2026-10-07
1343;LT 230 kV Curitiba Leste - Distrito Industrial de São José dos Pinhais, C1;COPEL-GT - COPEL GERAÇÃO E TRANSMISSÃO S.A;230,0;230 kV;EPE — Base Existente;2026-10-07
1344;LT 500 kV Janaúba 3 - Presidente Juscelino, C2;EQUATORIAL 6 - Equatorial Transmissora 6 SPE SA;500,0;500 kV;EPE — Base Existente;2026-10-07
1345;LT 500 kV Barreiras II - Buritirama, C1;EQUATORIAL 2 - Equatorial Transmissora 2 SPE SA;500,0;500 kV;EPE — Base Existente;2026-10-07
1346;LT 230 kV Tomba - Governador Mangabeira, C1;AFLUENTE TRANSMISSÃO - Afluente Transmissão de Energia Elétrica SA;230,0;230 kV;EPE — Base Existente;2026-10-07
1347;LT 500 kV Imperatriz - Marabá, C1;ELETRONORTE - Centrais Elétricas do Norte do Brasil S/A;500,0;500 kV;EPE — Base Existente;2026-10-07
1348;LT 500 kV Brasília Leste - Luziânia, C1;VSBTE - VALE DO SAO BARTOLOMEU TRANSMISSORA DE ENERGIA S.A.;500,0;500 kV;EPE — Base Existente;2026-10-07
1349;LT 230 kV Barro Alto - Águas Lindas, C1;FURNAS - Furnas Centrais Elétricas S.A.;230,0;230 kV;EPE — Base Existente;2026-10-07
1350;LT 345 kV Bandeirantes - Pirineus, C1;FURNAS - Furnas Centrais Elétricas S.A.;345,0;345 kV;EPE — Base Existente;2026-10-07
1351;LT 500 kV Paulo Afonso IV - Luiz Gonzaga, C2;LEST - LINHAS DE ENERGIA DO SERTÃO TRANSMISSORA S.A;500,0;500 kV;EPE — Base Existente;2026-10-07
1352;LT 230 kV Angelim - Tacaimbó, C3;CHESF - CHESF - Companhia Hidro Elétrica do São Francisco;230,0;230 kV;EPE — Base Existente;2026-10-07
1353;LT 525 kV Salto Caxias - UHE Governador José Richa, C2;Não informado;525,0;525 kV;EPE — Base Existente;2026-10-07
1354;LT 230 kV Lagoa Nova II - Paraíso, C2;TAESA - TRANSMISSORA ALIANÇA DE ENERGIA ELÉTRICA S A;230,0;230 kV;EPE — Base Existente;2026-10-07
1355;LT 525 kV Areia - Campos Novos, C1;ELETROSUL - ELETROSUL Centrais Elétricas S.A.;525,0;525 kV;EPE — Base Existente;2026-10-07
1356;LT 230 kV Governador Parigot Souza - UHE Parigot Souza, C3;Não informado;230,0;230 kV;EPE — Base Existente;2026-10-07
1357;LT 230 kV Campina Grande II - Paraíso, C1;CHESF - CHESF - Companhia Hidro Elétrica do São Francisco;230,0;230 kV;EPE — Base Existente;2026-10-07
1358;LT 230 kV Salto Osório - UHE Salto Osório, C2;ELETROSUL - ELETROSUL Centrais Elétricas S.A.;230,0;230 kV;EPE — Base Existente;2026-10-07
1359;LT 525 kV Ponta Grossa - Bateias, C2;GRALHA AZUL - GRALHA AZUL TRANSMISSÃO DE ENERGIA S.A.;525,0;525 kV;EPE — Base Existente;2026-10-07
1360;LT 230 kV Cabreúva - CBA 1, C2;-;230,0;230 kV;EPE — Base Existente;2026-10-07
1361;LT 230 kV Porto Alegre 1 - Porto Alegre 8, C1;CPFL SUL II - CPFL TRANSMISSÃO DE ENERGIA SUL II LTDA.;230,0;230 kV;EPE — Base Existente;2026-10-07
1362;LT 230 kV Porto Alegre 4 - Porto Alegre 9, C1;TPAE - Transmissora Porto Alegrense de Energia Ltda;230,0;230 kV;EPE — Base Existente;2026-10-07
1363;LT 230 kV UHE Barra Grande - Barra Grande, C3;BAESA - Baesa-Energética Barra Grande S.A;230,0;230 kV;EPE — Base Existente;2026-10-07
1364;LT 230 kV Firminópolis - Palmeiras, C1;CELG - GT - CELG GERAÇÃO E TRANSMISSÃO S/A;230,0;230 kV;EPE — Base Existente;2026-10-07
1365;LT 230 kV Juruti - Parintins, C1 (CD);PARINTINS AMAZONAS - PARINTINS AMAZONAS TRANSMISSORA DE ENERGIA S.A.;230,0;230 kV;EPE — Base Existente;2026-10-07
1366;LT 345 kV Guarulhos - Poços de Caldas, C2;FURNAS - Furnas Centrais Elétricas S.A.;345,0;345 kV;EPE — Base Existente;2026-10-07
1367;LT 230 kV Arapiraca III - Penedo, C1;CHESF - CHESF - Companhia Hidro Elétrica do São Francisco;230,0;230 kV;EPE — Base Existente;2026-10-07
1368;LT 345 kV Barreiro 1 - Taquaril, C1;CEMIG GT - CEMIG GERAÇÃO E TRANSMISSÃO S.A;345,0;345 kV;EPE — Base Existente;2026-10-07
1369;LT 230 kV Baixo Iguaçu - UHE Baixo Iguaçu, C2;Não informado;230,0;230 kV;EPE — Base Existente;2026-10-07
1370;LT 230 kV São Roque - UHE São Roque, C2;Não informado;230,0;230 kV;EPE — Base Existente;2026-10-07
1371;LT 230 kV Caraúbas II - Açu III, C1 (CD);DUNAS TRANSMISSÃO DE ENERGIA S.A.;230,0;230 kV;EPE — Base Existente;2026-10-07
1372;LT 440 kV Bauru - Getulina, C2;CTEEP - Companhia de Transmissão de Energia Elétrica Paulista;440,0;440 kV;EPE — Base Existente;2026-10-07
1373;LT 230 kV Andirá Leste - Assis, C1;CTEEP - Companhia de Transmissão de Energia Elétrica Paulista;230,0;230 kV;EPE — Base Existente;2026-10-07
1374;LT 230 kV Itapaci - Mineradora Maracá, C1;-;230,0;230 kV;EPE — Base Existente;2026-10-07
1375;LT 500 kV Peixe 2 - Serra da Mesa 2, C1;INTESA - INTEGRAÇAO TRANSMISSORA DE ENERGIA S.A;500,0;500 kV;EPE — Base Existente;2026-10-07
1376;LT 230 kV Dianópolis II - Palmas, C1;ENERG TOCANTINS - ENERGISA TOCANTINS TRANSMISSORA DE ENERGIA S.A.;230,0;230 kV;EPE — Base Existente;2026-10-07
1377;LT 230 kV Ponta Grossa Norte - Ponta Grossa Sul, C1;COPEL-GT - COPEL GERAÇÃO E TRANSMISSÃO S.A;230,0;230 kV;EPE — Base Existente;2026-10-07
1378;LT 230 kV Lagoa do Carro - Coteminas, C1;CHESF - CHESF - Companhia Hidro Elétrica do São Francisco;230,0;230 kV;EPE — Base Existente;2026-10-07
1379;LT 230 kV Arcoverde II - Caetés II, C1;ARCOVERDE - ARCOVERDE TRANSMISSAO DE ENERGIA S.A.;230,0;230 kV;EPE — Base Existente;2026-10-07
1380;LT 230 kV Ceará-Mirim II - Extremoz II, C2;CHESF - CHESF - Companhia Hidro Elétrica do São Francisco;230,0;230 kV;EPE — Base Existente;2026-10-07
1381;LT 500 kV Acaraú III - Parnaíba III, C1;ARGO - Argo Transmissão de Energia SA;500,0;500 kV;EPE — Base Existente;2026-10-07
1382;LT 230 kV Jardim - Cimesa, C1;-;230,0;230 kV;EPE — Base Existente;2026-10-07
1383;LT 230 kV Cascavel Norte - Cascavel Oeste, C2;CAIUÁ TRANSMISSORA - CAIUÁ TRANSMISSORA DE ENERGIA S.A;230,0;230 kV;EPE — Base Existente;2026-10-07
1384;LT 345 kV Xavantes - Milton Fornasaro, C2;CTEEP - Companhia de Transmissão de Energia Elétrica Paulista;345,0;345 kV;EPE — Base Existente;2026-10-07
1385;LT 230 kV Passo Real - Cruz Alta 2, C1;CEEE-T - COMPANHIA ESTADUAL DE TRANSMISSÃO DE ENERGIA ELETRICA - CEEE-T;230,0;230 kV;EPE — Base Existente;2026-10-07
1386;LT 230 kV Berneck - Cidade Industrial de Curitiba, C1;BERNECK - Berneck S. A. Painéis e Serrados;230,0;230 kV;EPE — Base Existente;2026-10-07
1387;LT 230 kV Joinville - Joinville Norte, C1;ELETROSUL - ELETROSUL Centrais Elétricas S.A.;230,0;230 kV;EPE — Base Existente;2026-10-07
1388;LT 230 kV Pitombeira - Russas II, C1;-;230,0;230 kV;EPE — Base Existente;2026-10-07
1389;LT 500 kV Pedra Pintada - Ourolândia II, C1;Não informado;500,0;500 kV;EPE — Base Existente;2026-10-07
1390;LT 230 kV Jacaracanga - Dow, C1;CHESF - CHESF - Companhia Hidro Elétrica do São Francisco;230,0;230 kV;EPE — Base Existente;2026-10-07
1391;LT 500 kV Camaçari II - Sapeaçu, C1;TAESA - TRANSMISSORA ALIANÇA DE ENERGIA ELÉTRICA S A;500,0;500 kV;EPE — Base Existente;2026-10-07
1392;LT 440 kV Ribeirão Preto - Santa Bárbara D'Oeste, C1;CTEEP - Companhia de Transmissão de Energia Elétrica Paulista;440,0;440 kV;EPE — Base Existente;2026-10-07
1393;LT 230 kV Henry Borden - Manoel da Nóbrega, C2 (CD);Não informado;230,0;230 kV;EPE — Base Existente;2026-10-07
1394;LT 345 kV UTE GNA I - Campos, C2;-;345,0;345 kV;EPE — Base Existente;2026-10-07
1395;LT 230 kV Joinville - Vega do Sul C1;-;230,0;230 kV;EPE — Base Existente;2026-10-07
1396;LT 600 kV CC Foz do Iguaçu - Ibiúna, C2;Furnas Centrais Elétricas S.A.;600,0;600 kV;EPE — Base Existente;2026-10-07
1397;LT 230 kV Araçuaí 2 - Irapé, C1;TRANSIRAPÉ - COMPANHIA TRANSIRAPÉ DE TRANSMISSÃO;230,0;230 kV;EPE — Base Existente;2026-10-07
1398;LT 500 kV Paulo Afonso IV - UHE Paulo Afonso IV, C4;CHESF - CHESF - Companhia Hidro Elétrica do São Francisco;500,0;500 kV;EPE — Base Existente;2026-10-07
1399;LT 230 kV Alagoinhas II - Catu, C1;CHESF - CHESF - Companhia Hidro Elétrica do São Francisco;230,0;230 kV;EPE — Base Existente;2026-10-07
1400;LT 230 kV UHE Lajeado - Lajeado, C1;Não informado;230,0;230 kV;EPE — Base Existente;2026-10-07
1401;LT 230 kV Teresina II - Teresina III, C1;CHESF - CHESF - Companhia Hidro Elétrica do São Francisco;230,0;230 kV;EPE — Base Existente;2026-10-07
1402;LT 345 kV Adrianópolis - Venda das Pedras, C1;FURNAS - Furnas Centrais Elétricas S.A.;345,0;345 kV;EPE — Base Existente;2026-10-07
1403;LT 230 kV Ribeirão - Recife II, C1;CHESF - CHESF - Companhia Hidro Elétrica do São Francisco;230,0;230 kV;EPE — Base Existente;2026-10-07
1404;LT 230 kV UHE Foz do Chapecó -  Foz do Chapecó, C4;Não informado;230,0;230 kV;EPE — Base Existente;2026-10-07
1405;LT 230 kV Gameleira - Touros, C1;SPE Gameleira Energia S.A.;230,0;230 kV;EPE — Base Existente;2026-10-07
1406;LT 230 kV João Pessoa II - Santa Rita II, C1;CHESF - CHESF - Companhia Hidro Elétrica do São Francisco;230,0;230 kV;EPE — Base Existente;2026-10-07
1407;LT 230 kV Paulo Afonso III - Zebu, C2;CHESF - CHESF - Companhia Hidro Elétrica do São Francisco;230,0;230 kV;EPE — Base Existente;2026-10-07
1408;LT 230 kV Bongi - Joairam, C1;CHESF - CHESF - Companhia Hidro Elétrica do São Francisco;230,0;230 kV;EPE — Base Existente;2026-10-07
1409;LT 230 kV Curitiba Leste - Posto Fiscal, C1;COPEL-GT - COPEL GERAÇÃO E TRANSMISSÃO S.A;230,0;230 kV;EPE — Base Existente;2026-10-07
1410;LT 765 kV Itaberá - Ivaiporã, C3;Furnas Centrais Elétricas S.A.;765,0;765 kV;EPE — Base Existente;2026-10-07
1411;LT 500 kV Marimbondo 2 - Araraquara FUR, C1;FURNAS - Furnas Centrais Elétricas S.A.;500,0;500 kV;EPE — Base Existente;2026-10-07
1412;LT 230 kV Icó - Milagres, C1;CHESF - CHESF - Companhia Hidro Elétrica do São Francisco;230,0;230 kV;EPE — Base Existente;2026-10-07
1413;LT 230 kV Governador Mangabeira - Feira de Santana III, C1;CHESF - CHESF - Companhia Hidro Elétrica do São Francisco;230,0;230 kV;EPE — Base Existente;2026-10-07
1414;LT 230 kV Pecém II - Trairí, C1;EOL TRAIRÍ - Central Eólica Trairí SA;230,0;230 kV;EPE — Base Existente;2026-10-07
1415;LT 230 kV Guaíra - Umuarama Sul, C2;GUAIRA - GUAIRA TRANSMISSORA DE ENERGIA S.A.;230,0;230 kV;EPE — Base Existente;2026-10-07
1416;LT 230 kV Farroupilha - Caxias Norte, C1;ELETROSUL - ELETROSUL Centrais Elétricas S.A.;230,0;230 kV;EPE — Base Existente;2026-10-07
1417;LT 230 kV Jorge Lacerda A - Jorge Lacerda B, C2;ELETROSUL - ELETROSUL Centrais Elétricas S.A.;230,0;230 kV;EPE — Base Existente;2026-10-07
1418;LT 345 kV Bandeirantes - Piratininga II, C1;Não informado;345,0;345 kV;EPE — Base Existente;2026-10-07
1419;LT 345 kV Itapeti - Tijuco Preto, C2;CTEEP - Companhia de Transmissão de Energia Elétrica Paulista;345,0;345 kV;EPE — Base Existente;2026-10-07
1420;LT 230 kV Paranavaí Norte - Sarandi, C1 (CD);IE IVAI - INTERLIGAÇÃO ELÉTRICA IVAÍ S.A.;230,0;230 kV;EPE — Base Existente;2026-10-07
1421;LT 230 kV Barra do Peixe - Rondonópolis, C1;ELETRONORTE - Centrais Elétricas do Norte do Brasil S/A;230,0;230 kV;EPE — Base Existente;2026-10-07
1422;LT 500 kV Serra da Mesa - Samambaia, C1;FURNAS - Furnas Centrais Elétricas S.A.;500,0;500 kV;EPE — Base Existente;2026-10-07
1423;LT 230 kV Pau Ferro - Campina Grande II, C1;CHESF - CHESF - Companhia Hidro Elétrica do São Francisco;230,0;230 kV;EPE — Base Existente;2026-10-07
1424;LT 500 kV Poções III - Medeiros Neto II, C1;Não informado;500,0;500 kV;EPE — Base Existente;2026-10-07
1425;LT 230 kV Aparecida - Lorena, C2;CTEEP - Companhia de Transmissão de Energia Elétrica Paulista;230,0;230 kV;EPE — Base Existente;2026-10-07
1426;LT 500 kV Curral Novo do Piauí II - São João do Piauí, C1;IRACEMA - IRACEMA TRANSMISSORA DE ENRGIA S.A;500,0;500 kV;EPE — Base Existente;2026-10-07
1427;LT 230 kV Jurupari - Laranjal, C2;MACAPA TRA - LINHAS DE MACAPÁ TRANSMISSORA DE ENERGIA SA;230,0;230 kV;EPE — Base Existente;2026-10-07
1428;LT 500 kV Marimbondo 2 - Assis, C1;TMT - TRIANGULO MINEIRO TRANSMISSORA S A;500,0;500 kV;EPE — Base Existente;2026-10-07
1429;LT 440 kV Água Azul - Santo Ângelo, C1;CTEEP - Companhia de Transmissão de Energia Elétrica Paulista;440,0;440 kV;EPE — Base Existente;2026-10-07
1430;LT 345 kV Itutinga - Juiz de Fora 1, C1;TRANSUDESTE - COMPANHIA TRANSUDESTE DE TRANSMISSÃO;345,0;345 kV;EPE — Base Existente;2026-10-07
1431;LT 525 kV Salto Caxias - UHE Governador José Richa, C4;Não informado;525,0;525 kV;EPE — Base Existente;2026-10-07
1432;LT 500 kV Janaúba 3 - Presidente Juscelino, C1;EQUATORIAL 4 - Equatorial Transmissora 4 SPE SA;500,0;500 kV;EPE — Base Existente;2026-10-07
1433;LT 230 kV Braúnas - Porto Estrela, C1;CEMIG GT - CEMIG GERAÇÃO E TRANSMISSÃO S.A;230,0;230 kV;EPE — Base Existente;2026-10-07
1434;LT 500 kV Emborcação - Nova Ponte, C1;CEMIG GT - CEMIG GERAÇÃO E TRANSMISSÃO S.A;500,0;500 kV;EPE — Base Existente;2026-10-07
1435;LT 230 kV Vale do Açu - Açu II, C2;TERMOAÇU - Termoaçú S. A.;230,0;230 kV;EPE — Base Existente;2026-10-07
1436;LT 525 kV Salto Santiago - Itá, C1;ELETROSUL - ELETROSUL Centrais Elétricas S.A.;525,0;525 kV;EPE — Base Existente;2026-10-07
1437;LT 525 kV Ivaiporã - Salto Santiago, C2;ELETROSUL - ELETROSUL Centrais Elétricas S.A.;525,0;525 kV;EPE — Base Existente;2026-10-07
1438;LT 230 kV Dona Francisca - Itaúba, C1;CEEE GT - Companhia Estadual de Geração e Transmissão de Energia Elétrica;230,0;230 kV;EPE — Base Existente;2026-10-07
1439;LT 230 kV Bagé 2 - Livramento 2, C1;CEEE GT - Companhia Estadual de Geração e Transmissão de Energia Elétrica;230,0;230 kV;EPE — Base Existente;2026-10-07
1440;LT 230 kV Baixada Santista - Carbocloro, C1;CTEEP - Companhia de Transmissão de Energia Elétrica Paulista;230,0;230 kV;EPE — Base Existente;2026-10-07
1441;LT 230 kV Aparecida - GV do Brasil, C1;CTEEP - Companhia de Transmissão de Energia Elétrica Paulista;230,0;230 kV;EPE — Base Existente;2026-10-07
1442;LT 345 kV UTE Termomacaé - Macaé Merchant, C1;PETROBRAS - Petroleo Brasileiro S.A;345,0;345 kV;EPE — Base Existente;2026-10-07
1443;LT 230 kV Porto Alegre 8 - Porto Alegre 9, C1;TRANSMISSORA DE ENERGIA SUL BRASIL S.A.;230,0;230 kV;EPE — Base Existente;2026-10-07
1444;LT 230 kV Ilha Solteira 2 - Inocência, C1;ITATIM - Linhas de Transmissão Itatim Ldta;230,0;230 kV;EPE — Base Existente;2026-10-07
1445;LT 500 kV Araraquara 2 - Taubaté, C1;COPEL-GT - COPEL GERAÇÃO E TRANSMISSÃO S.A;500,0;500 kV;EPE — Base Existente;2026-10-07
1446;LT 230 kV Ventos da Bahia III - Ventos da Bahia II, C1;Não informado;230,0;230 kV;EPE — Base Existente;2026-10-07
1447;LT 500 kV Xingó - Jardim, C2;LEST - LEST – LINHAS DE ENERGIA DO SERTÃO TRANSMISSORA S.A;500,0;500 kV;EPE — Base Existente;2026-10-07
1448;LT 500 kV Morro do Chapéu II - Poções III, C1;NEOENERGIA MORRO DO CHAPEU TRANSMISSAO E ENERGIA S.A.;500,0;500 kV;EPE — Base Existente;2026-10-07
1449;LT 345 kV Xavantes - Bandeirantes, C2;CTEEP - Companhia de Transmissão de Energia Elétrica Paulista;345,0;345 kV;EPE — Base Existente;2026-10-07
1450;LT 500 kV Paranaíta - Teles Pires, C2;TELES PIRES - COMPANHIA HIDRELETRICA TELES PIRES;500,0;500 kV;EPE — Base Existente;2026-10-07
1451;LT 525 kV Cascavel Oeste - Ivaiporã, C1;ELETROSUL - ELETROSUL Centrais Elétricas S.A.;525,0;525 kV;EPE — Base Existente;2026-10-07
1452;LT 230 kV Norfil - Elizabeth Cimentos, C1;Não informado;230,0;230 kV;EPE — Base Existente;2026-10-07
1453;LT 230 kV Carajás - Serra Norte, C1;Não informado;230,0;230 kV;EPE — Base Existente;2026-10-07
1454;LT 500 kV Serra da Mesa 2 - Luziânia, C1;SMTE - Serra da Mesa Transmissora de Energia S/A.;500,0;500 kV;EPE — Base Existente;2026-10-07
1455;LT 525 kV Salto Santiago - UHE Salto Santiago, C1;ELETROSUL - ELETROSUL Centrais Elétricas S.A.;525,0;525 kV;EPE — Base Existente;2026-10-07
1456;LT 230 kV Governador Valadares 6 - Mesquita, C1;CEMIG GT - CEMIG GERAÇÃO E TRANSMISSÃO S.A;230,0;230 kV;EPE — Base Existente;2026-10-07
1457;LT 230 kV Linhares - São Mateus 2, C1;EDP TRANSMISSAO - EDP TRANSMISSAO S.A.;230,0;230 kV;EPE — Base Existente;2026-10-07
1458;LT 500 kV UTE Maranhão III - Parnaíba, C2;Não informado;500,0;500 kV;EPE — Base Existente;2026-10-07
1459;LT 230 kV Scharlau - Scharlau 2, C1;CEEE GT - Companhia Estadual de Geração e Transmissão de Energia Elétrica;230,0;230 kV;EPE — Base Existente;2026-10-07
1460;LT 230 kV Castertech - Caxias 6, C1;CEEE GT - Companhia Estadual de Geração e Transmissão de Energia Elétrica;230,0;230 kV;EPE — Base Existente;2026-10-07
1461;LT 230 kV Acauã - Lagoa Nova II, C1;Não informado;230,0;230 kV;EPE — Base Existente;2026-10-07
1462;LT 230 kV Sobral II - Sobral III, C2;CHESF - CHESF - Companhia Hidro Elétrica do São Francisco;230,0;230 kV;EPE — Base Existente;2026-10-07
1463;LT 230 kV Messias - Rio Largo II, C1;CHESF - CHESF - Companhia Hidro Elétrica do São Francisco;230,0;230 kV;EPE — Base Existente;2026-10-07
1464;LT 230 kV Morro do Chapéu Sul - Morro do Chapéu II C1;MORRO DO CHAPÉU I - Enel Green Power Morro do Chapéu I Eólica SA;230,0;230 kV;EPE — Base Existente;2026-10-07
1465;LT 230 kV Foz do Iguaçu Norte - Medianeira Norte, C2;ATE VII - ATE VII - FOZ DO IGUAÇU TRANSMISSORA DE ENERGIA S.A.;230,0;230 kV;EPE — Base Existente;2026-10-07
1466;LT 440 kV UHE Porto Primavera - Taquaruçu, C2;CTEEP - Companhia de Transmissão de Energia Elétrica Paulista;440,0;440 kV;EPE — Base Existente;2026-10-07
1467;LT 230 kV Barro Alto - Niquelândia, C2;TRANSENER GOIÁS - Transenergia Goiás S.A.;230,0;230 kV;EPE — Base Existente;2026-10-07
1468;LT 500 kV São Simão - UHE São Simão, C2;CEMIG GT - CEMIG GERAÇÃO E TRANSMISSÃO S.A;500,0;500 kV;EPE — Base Existente;2026-10-07
1469;LT 230 kV Baguari - UHE Baguari, C4;BAGUARI I GERAÇÃO;230,0;230 kV;EPE — Base Existente;2026-10-07
1470;LT 230 kV Pituaçu - Narandiba, C1;CHESF - CHESF - Companhia Hidro Elétrica do São Francisco;230,0;230 kV;EPE — Base Existente;2026-10-07
1471;LT 230 kV Canoinhas - São Mateus do Sul, C1;ELETROSUL - ELETROSUL Centrais Elétricas S.A.;230,0;230 kV;EPE — Base Existente;2026-10-07
1472;LT 230 kV Gaspar 2 - Indaial, C1 (CD);NEOENERGIA VALE DO ITAJAÍ TRANSMISSÃO DE ENERGIA S.A.;230,0;230 kV;EPE — Base Existente;2026-10-07
1473;LT 230 kV Distrito Industrial de São José dos Pinhais - Uberaba, C1;COPEL-GT - COPEL GERAÇÃO E TRANSMISSÃO S.A;230,0;230 kV;EPE — Base Existente;2026-10-07
1474;LT 345 kV Rio Novo do Sul - Viana, C1;FURNAS - Furnas Centrais Elétricas S.A.;345,0;345 kV;EPE — Base Existente;2026-10-07
1475;LT 230 kV Bom Jesus da Lapa - Tabocas do Brejo Velho, C1;CHESF - CHESF - Companhia Hidro Elétrica do São Francisco;230,0;230 kV;EPE — Base Existente;2026-10-07
1476;LT 230 kV Brotas de Macaúbas - Irecê, C1;CHESF - CHESF - Companhia Hidro Elétrica do São Francisco;230,0;230 kV;EPE — Base Existente;2026-10-07
1477;LT 230 kV Catu - Camaçari IV, C2;CHESF - CHESF - Companhia Hidro Elétrica do São Francisco;230,0;230 kV;EPE — Base Existente;2026-10-07
1478;LT 345 kV Pimenta - Taquaril, C1;CEMIG GT - CEMIG GERAÇÃO E TRANSMISSÃO S.A;345,0;345 kV;EPE — Base Existente;2026-10-07
1479;LT 230 kV Itaúba - Passo Real, C1;CEEE GT - Companhia Estadual de Geração e Transmissão de Energia Elétrica;230,0;230 kV;EPE — Base Existente;2026-10-07
1480;LT 345 kV Ibiúna - Interlagos, C2;CTEEP - Companhia de Transmissão de Energia Elétrica Paulista;345,0;345 kV;EPE — Base Existente;2026-10-07
1481;LT 230 kV Nova Porto Primavera - Rio Brilhante, C1;PORTO PRIMAVERA - Porto Primavera Transmissora de Energia S/A.;230,0;230 kV;EPE — Base Existente;2026-10-07
1482;LT 230 kV UHE Barra Grande - Barra Grande, C1;BAESA - Baesa-Energética Barra Grande S.A;230,0;230 kV;EPE — Base Existente;2026-10-07
1483;LT 230 kV Serra Norte - Salobo, C1;VALE - Vale S.A.;230,0;230 kV;EPE — Base Existente;2026-10-07
1484;LT 500 kV Itumbiara - São Simão, C1;FURNAS - Furnas Centrais Elétricas S.A.;500,0;500 kV;EPE — Base Existente;2026-10-07
1485;LT 230 kV Coxipó - Cuiabá, C2;AETE - AMAZÔNIA - ELETRONORTE TRANSMISSORA DE ENERGIA S.A.;230,0;230 kV;EPE — Base Existente;2026-10-07
1486;LT 345 kV Jaguara - Jaguara, C1;CEMIG GT - CEMIG GERAÇÃO E TRANSMISSÃO S.A;345,0;345 kV;EPE — Base Existente;2026-10-07
1487;LT 230 kV UHE Jayme Canet Junior - Mauá, C1;Não informado;230,0;230 kV;EPE — Base Existente;2026-10-07
1488;LT 500 kV Itabira 5 - Neves 1, C1;IEMG - INTERLIGAÇÃO ELÉTRICA DE MINAS GERAIS S.A;500,0;500 kV;EPE — Base Existente;2026-10-07
1489;LT 500 kV Equador - Boa Vista, C2 (CD);Não informado;500,0;500 kV;EPE — Base Existente;2026-10-07
1490;LT 230 kV Quixeré - Russas II, C1;CHESF - CHESF - Companhia Hidro Elétrica do São Francisco;230,0;230 kV;EPE — Base Existente;2026-10-07
1491;LT 525 kV Abdon Batista - Campos Novos, C2;EDP ALIANCA - EDP TRANSMISSAO ALIANCA SC S.A.;525,0;525 kV;EPE — Base Existente;2026-10-07
1492;LT 230 kV Curitiba Norte - CIA de cimento Portland, C1;-;230,0;230 kV;EPE — Base Existente;2026-10-07
1493;LT 230 kV Maringá - Sarandi, C2;CGT ELETROSUL - COMPANHIA DE GERAÇÃO E TRANSMISSÃO DE ENERGIA ELÉTRICA DO SUL D;230,0;230 kV;EPE — Base Existente;2026-10-07
1494;LT 230 kV UHE Samuel - Samuel, C5;ELETRONORTE - Centrais Elétricas do Norte do Brasil S/A;230,0;230 kV;EPE — Base Existente;2026-10-07
1495;LT 230 kV Brasnorte - Juína, C2;EBTE TRA - EMPRESA BRASILEIRA DE TRANSMISSÃO DE ENERGIA S.A;230,0;230 kV;EPE — Base Existente;2026-10-07
1496;LT 500 kV Sobradinho - UHE Sobradinho, C2;Não informado;500,0;500 kV;EPE — Base Existente;2026-10-07
1497;LT 500 kV Milagres - Quixadá, C1;CHESF - CHESF - Companhia Hidro Elétrica do São Francisco;500,0;500 kV;EPE — Base Existente;2026-10-07
1498;LT 500 kV Bom Jesus da Lapa II - Janaúba 3, C1;JANAÚBA - JANAÚBA TRANSMISSORA DE ENERGIA ELÉTRICA S.A.;500,0;500 kV;EPE — Base Existente;2026-10-07
1499;LT 230 kV Itapebi - Eunápolis, C2;CHESF - CHESF - Companhia Hidro Elétrica do São Francisco;230,0;230 kV;EPE — Base Existente;2026-10-07
1500;LT 440 kV Gerdau SP - Jandira, C1;CTEEP - Companhia de Transmissão de Energia Elétrica Paulista;440,0;440 kV;EPE — Base Existente;2026-10-07
1501;LT 230 kV Gravataí 2 - Porto Alegre 6, C1;CEEE GT - Companhia Estadual de Geração e Transmissão de Energia Elétrica;230,0;230 kV;EPE — Base Existente;2026-10-07
1502;LT 230 kV Ijuí 2 - Santo Ângelo 2, C1;CEEE GT - Companhia Estadual de Geração e Transmissão de Energia Elétrica;230,0;230 kV;EPE — Base Existente;2026-10-07
1503;LT 500 kV Segredo - UHE Governador Ney Braga, C3;COPEL-GT - COPEL GERAÇÃO E TRANSMISSÃO S.A;500,0;500 kV;EPE — Base Existente;2026-10-07
1504;LT 230 kV Cidade Industrial - Nova Santa Rita, C3;CEEE GT - Companhia Estadual de Geração e Transmissão de Energia Elétrica;230,0;230 kV;EPE — Base Existente;2026-10-07
1505;LT 230 kV Açu II - Açu III, C2;CHESF - CHESF - Companhia Hidro Elétrica do São Francisco;230,0;230 kV;EPE — Base Existente;2026-10-07
1506;LT 230 kV Maçambará - São Borja 2, C1;CEEE GT - Companhia Estadual de Geração e Transmissão de Energia Elétrica;230,0;230 kV;EPE — Base Existente;2026-10-07
1507;LT 500 kV UHE Itumbiara - Itumbiara, C4;Não informado;500,0;500 kV;EPE — Base Existente;2026-10-07
1508;LT 500 kV Quina - Igaporã III, C1;-;500,0;500 kV;EPE — Base Existente;2026-10-07
1509;LT 230 kV Jaru - Ji-Paraná, C1;ELETRONORTE - Centrais Elétricas do Norte do Brasil S/A;230,0;230 kV;EPE — Base Existente;2026-10-07
1510;LT 230 kV São João do Piauí - Lagoa do Barro 01, C1;Não informado;230,0;230 kV;EPE — Base Existente;2026-10-07
1511;LT 345 kV Corumbá - Brasilia Sul, C1;FURNAS - Furnas Centrais Elétricas S.A.;345,0;345 kV;EPE — Base Existente;2026-10-07
1512;LT 230 kV Anhanguera - Carajás, C1;EDP GOIAS - EDP TRANSMISSÃO GOIÁS S.A.;230,0;230 kV;EPE — Base Existente;2026-10-07
1513;LT 500 kV UHE Marimbondo - Marimbondo, C5;Não informado;500,0;500 kV;EPE — Base Existente;2026-10-07
1514;LT 500 kV João Neiva 2 - Mesquita, C1;ESTE - EMPRESA SUDESTE DE TRANSMISSÃO DE ENERGIA S.A.;500,0;500 kV;EPE — Base Existente;2026-10-07
1515;LT 500 kV UTE Parnaíba IV - Parnaíba, C1;Não informado;500,0;500 kV;EPE — Base Existente;2026-10-07
1516;LT 230 kV Fortaleza - Fortaleza II, C3;CHESF - CHESF - Companhia Hidro Elétrica do São Francisco;230,0;230 kV;EPE — Base Existente;2026-10-07
1517;LT 525 kV Marmeleiro 2 - Santa Vitória do Palmar, C2;CHIMARRÃO - CHIMARRÃO TRANSMISSORA DE ENERGIA S.A.;525,0;525 kV;EPE — Base Existente;2026-10-07
1518;LT 525 kV Caxias - Gravataí, C1;ELETROSUL - ELETROSUL Centrais Elétricas S.A.;525,0;525 kV;EPE — Base Existente;2026-10-07
1519;LT 230 kV Mogi - Mogi das Cruzes, C1;CTEEP - Companhia de Transmissão de Energia Elétrica Paulista;230,0;230 kV;EPE — Base Existente;2026-10-07
1520;LT 500 kV Poços de Caldas - Ribeirão Preto, C1;PCTE - Poços de Caldas Transmissora de Energia S/A.;500,0;500 kV;EPE — Base Existente;2026-10-07
1521;LT 500 kV Estreito - Jaguara, C1;PCTE - Poços de Caldas Transmissora de Energia S/A.;500,0;500 kV;EPE — Base Existente;2026-10-07
1522;LT 230 kV Açu III - Mossoró II, C2;CHESF - CHESF - Companhia Hidro Elétrica do São Francisco;230,0;230 kV;EPE — Base Existente;2026-10-07
1523;LT 230 kV Cidade Industrial - Pólo Petroquímico, C1;CEEE GT - Companhia Estadual de Geração e Transmissão de Energia Elétrica;230,0;230 kV;EPE — Base Existente;2026-10-07
1524;LT 230 kV Nova Prata 2 - Vipal, C1;Não informado;230,0;230 kV;EPE — Base Existente;2026-10-07
1525;LT 500 kV UHE Xingó - Xingó, C1;CHESF - CHESF - Companhia Hidro Elétrica do São Francisco;500,0;500 kV;EPE — Base Existente;2026-10-07
1526;LT 230 kV Angelim - Messias, C1;CHESF - CHESF - Companhia Hidro Elétrica do São Francisco;230,0;230 kV;EPE — Base Existente;2026-10-07
1527;LT 500 kV Bom Despacho 3 - Neves 1, C1;CEMIG GT - CEMIG GERAÇÃO E TRANSMISSÃO S.A;500,0;500 kV;EPE — Base Existente;2026-10-07
1528;LT 500 kV Arinos 2 - Paracatu 4, C1;Não informado;500,0;500 kV;EPE — Base Existente;2026-10-07
1529;LT 345 kV Nova Ponte - Uberlândia 10, C1;Não informado;345,0;345 kV;EPE — Base Existente;2026-10-07
1530;LT 500 kV Janaúba 3 - Pirapora 2, C1;JANAÚBA - JANAÚBA TRANSMISSORA DE ENERGIA ELÉTRICA S.A.;500,0;500 kV;EPE — Base Existente;2026-10-07
1531;LT 230 kV Vilhena - Jauru, C2;JTE - Jauru Transmissora de Energia S/A.;230,0;230 kV;EPE — Base Existente;2026-10-07
1532;LT 500 kV Itabira 5 - Presidente Juscelino, C1;MANTIQUEIRA TRANSMIS - MANTIQUEIRA TRANSMISSORA DE ENERGIA S.A.;500,0;500 kV;EPE — Base Existente;2026-10-07
1533;LT 230 kV Sinop - Sorriso, C2;EBTE TRA - EMPRESA BRASILEIRA DE TRANSMISSÃO DE ENERGIA S.A;230,0;230 kV;EPE — Base Existente;2026-10-07
1534;LT 230 kV Messias - Maceió II, C1 (CD);CHESF - CHESF - Companhia Hidro Elétrica do São Francisco;230,0;230 kV;EPE — Base Existente;2026-10-07
1535;LT 500 kV Buritirama - Gilbués II, C1;TJMME - TRANSMISSORA JOSE MARIA DE MACEDO DE ELETRICIDADE S.A.;500,0;500 kV;EPE — Base Existente;2026-10-07
1536;LT 500 kV Paulo Afonso IV - Angelim II, C1;CHESF - CHESF - Companhia Hidro Elétrica do São Francisco;500,0;500 kV;EPE — Base Existente;2026-10-07
1537;LT 230 kV Angelim - Campina Grande II, C1;TAESA - TRANSMISSORA ALIANÇA DE ENERGIA ELÉTRICA S A;230,0;230 kV;EPE — Base Existente;2026-10-07
1538;LT 500 kV UHE Itumbiara - Itumbiara, C2;Não informado;500,0;500 kV;EPE — Base Existente;2026-10-07
1539;LT 345 kV Padre Fialho - Vitória, C1;FURNAS - Furnas Centrais Elétricas S.A.;345,0;345 kV;EPE — Base Existente;2026-10-07
1540;LT 230 kV UHE Boa Esperança - Boa Esperança, C1;CHESF - CHESF - Companhia Hidro Elétrica do São Francisco;230,0;230 kV;EPE — Base Existente;2026-10-07
1541;LT 230 kV Serrote - Arapiraca III, C1;Não informado;230,0;230 kV;EPE — Base Existente;2026-10-07
1542;LT 230 kV Campo Bom - Caxias, C1;CEEE GT - Companhia Estadual de Geração e Transmissão de Energia Elétrica;230,0;230 kV;EPE — Base Existente;2026-10-07
1543;LT 230 kV Aimorés - Conselheiro Pena, C1;EVRECY - EVRECY PARTICIPAÇÕES LTDA;230,0;230 kV;EPE — Base Existente;2026-10-07
1544;LT 230 kV Jataí - Rio Verde Norte, C1 (CD);ENERGISA GOIÁS - ENERGISA GOIÁS TRANSMISSORA DE ENERGIA I SA;230,0;230 kV;EPE — Base Existente;2026-10-07
1545;LT 345 kV Brasilia Sul - Samambaia, C2;FURNAS - Furnas Centrais Elétricas S.A.;345,0;345 kV;EPE — Base Existente;2026-10-07
1546;LT 500 kV Oriximiná - Silves, C2;MANAUS TR - MANAUS TRANSMISSORA DE ENERGIA S.A;500,0;500 kV;EPE — Base Existente;2026-10-07
1547;LT 230 kV João Pessoa II - Mussuré II, C1;CHESF - CHESF - Companhia Hidro Elétrica do São Francisco;230,0;230 kV;EPE — Base Existente;2026-10-07
1548;LT 800 kV CC Xingu - Estreito, C2;BMTE - BELO MONTE TRANSMISSORA DE ENERGIA SPE S.A.;800,0;800 kV;EPE — Base Existente;2026-10-07
1549;LT 525 kV Garabi I - Santo Angelo, C1;CIEN - Companhia de Interconexão Energética;525,0;525 kV;EPE — Base Existente;2026-10-07
1550;LT 230 kV Siderópolis - Siderópolis 2, C1 (CD);EDP ALIANCA - EDP TRANSMISSAO ALIANCA SC S.A.;230,0;230 kV;EPE — Base Existente;2026-10-07
1551;LT 345 kV Itapeti - Mogi das Cruzes, C1;CTEEP - Companhia de Transmissão de Energia Elétrica Paulista;345,0;345 kV;EPE — Base Existente;2026-10-07
1552;LT 230 kV Nova Porto Primavera - Rio Brilhante, C2;EKTT 12-A - EKTT 12-A SERVICOS DE TRANSMISSAO DE ENERGIA ELETRICA SPE S.A.;230,0;230 kV;EPE — Base Existente;2026-10-07
1553;LT 230 kV Floresta II - Paulo Afonso III, C1;CHESF - CHESF - Companhia Hidro Elétrica do São Francisco;230,0;230 kV;EPE — Base Existente;2026-10-07
1554;LT 230 kV Fibraplac - Osório 2, C1;CEEE GT - Companhia Estadual de Geração e Transmissão de Energia Elétrica;230,0;230 kV;EPE — Base Existente;2026-10-07
1555;LT 230 kV Alegrete 2 - Livramento 2, C1;CEEE GT - Companhia Estadual de Geração e Transmissão de Energia Elétrica;230,0;230 kV;EPE — Base Existente;2026-10-07
1556;LT 230 kV Edgard Souza - Pirituba, C2;CTEEP - Companhia de Transmissão de Energia Elétrica Paulista;230,0;230 kV;EPE — Base Existente;2026-10-07
1557;LT 500 kV Emborcação - São Gotardo 2, C1;CEMIG GT - CEMIG GERAÇÃO E TRANSMISSÃO S.A;500,0;500 kV;EPE — Base Existente;2026-10-07
1558;LT 230 kV UTE Global II - Global, C2;Não informado;230,0;230 kV;EPE — Base Existente;2026-10-07
1559;LT 230 kV Ipatinga 1 - Usiminas, C1;-;230,0;230 kV;EPE — Base Existente;2026-10-07
1560;LT 230 kV Pimenta Bueno - Vilhena, C1;ELETRONORTE - Centrais Elétricas do Norte do Brasil S/A;230,0;230 kV;EPE — Base Existente;2026-10-07
1561;LT 230 kV Igaporã III - Pindaí II, C1;CHESF - CHESF - Companhia Hidro Elétrica do São Francisco;230,0;230 kV;EPE — Base Existente;2026-10-07
1562;LT 230 kV Miramar - Utinga, C1;ELETRONORTE - Centrais Elétricas do Norte do Brasil S/A;230,0;230 kV;EPE — Base Existente;2026-10-07
1563;LT 230 kV Aquiraz II - Fortaleza, C1;CHESF - CHESF - Companhia Hidro Elétrica do São Francisco;230,0;230 kV;EPE — Base Existente;2026-10-07
1564;LT 230 kV Anemus - Currais Novos II, C1;AW1;230,0;230 kV;EPE — Base Existente;2026-10-07
1565;LT 230 kV Carajás - Integradora, C2;ELETRONORTE - Centrais Elétricas do Norte do Brasil S/A;230,0;230 kV;EPE — Base Existente;2026-10-07
1566;LT 525 kV Guaíba 3 - Povo Novo, C3;LAGOA DOS PATOS - NEOENERGIA LAGOA DOS PATOS TRANSMISSÃO DE ENERGIA S.A.;525,0;525 kV;EPE — Base Existente;2026-10-07
1567;LT 230 kV Castro Norte - Klabin Celulose, C1;COPEL-GT - COPEL GERAÇÃO E TRANSMISSÃO S.A;230,0;230 kV;EPE — Base Existente;2026-10-07
1568;LT 345 kV Leste - Tijuco Preto, C2;CTEEP - Companhia de Transmissão de Energia Elétrica Paulista;345,0;345 kV;EPE — Base Existente;2026-10-07
1569;LT 230 kV Camaçari IV - Pólo, C1;AFLUENTE TRANSMISSÃO - Afluente Transmissão de Energia Elétrica SA;230,0;230 kV;EPE — Base Existente;2026-10-07
1570;LT 440 kV Jupiá - Três Irmãos, C1;CTEEP - Companhia de Transmissão de Energia Elétrica Paulista;440,0;440 kV;EPE — Base Existente;2026-10-07
1571;LT 500 kV Bom Despacho 3 - Jaguara, C2;CEMIG GT - CEMIG GERAÇÃO E TRANSMISSÃO S.A;500,0;500 kV;EPE — Base Existente;2026-10-07
1572;LT 500 kV UHE Itaipu - Foz do Iguaçu, C3;ITAIPU - ITAIPU Binacional;500,0;500 kV;EPE — Base Existente;2026-10-07
1573;LT 525 kV Londrina-ESU - Sarandi, C2 (CD);IE IVAI - INTERLIGAÇÃO ELÉTRICA IVAÍ S.A.;525,0;525 kV;EPE — Base Existente;2026-10-07
1574;LT 500 kV Teles Pires - UHE Teles Pires, C1;Não informado;0,0;Não informada / revisar;EPE — Base Existente;2026-10-07
1575;LT 230 kV UHE Ferreira Gomes - Macapá, C1;FERREIRA GOMES - Ferreira Gomes Energia SA;230,0;230 kV;EPE — Base Existente;2026-10-07
1576;LT 230 kV Dardanelos - Juína, C1;AGUAS DA PEDRA - ENERGETICA AGUAS DA PEDRA S.A.;230,0;230 kV;EPE — Base Existente;2026-10-07
1577;LT 230 kV Coletora Lapa - Bom Jesus da Lapa, C1;-;230,0;230 kV;EPE — Base Existente;2026-10-07
1578;LT 230 kV Taquaril - Barão de Cocais 3, C1;CEMIG GT - CEMIG GERAÇÃO E TRANSMISSÃO S.A;230,0;230 kV;EPE — Base Existente;2026-10-07
1579;LT 345 kV UHE Furnas - Furnas, C4;Não informado;345,0;345 kV;EPE — Base Existente;2026-10-07
1580;LT 440 kV Assis - Bauru, C1;CTEEP - Companhia de Transmissão de Energia Elétrica Paulista;440,0;440 kV;EPE — Base Existente;2026-10-07
1581;LT 345 kV Nova Ponte - Araxá 3, C1;INTERLIGAÇÃO ELÉTRICA DE MINAS GERAIS S.A;345,0;345 kV;EPE — Base Existente;2026-10-07
1582;LT 230 kV Teresina - Coelho Neto, C1;ELETRONORTE - Centrais Elétricas do Norte do Brasil S/A;230,0;230 kV;EPE — Base Existente;2026-10-07
1583;LT 230 kV Jardim - Nossa Senhora do Socorro, C1 (CD);CHESF - CHESF - Companhia Hidro Elétrica do São Francisco;230,0;230 kV;EPE — Base Existente;2026-10-07
1584;LT 230 kV Samuel - Ariquemes, C1;ELETRONORTE - Centrais Elétricas do Norte do Brasil S/A;230,0;230 kV;EPE — Base Existente;2026-10-07
1585;LT 230 kV Casa Nova II - Sobradinho, C1;CHESF - CHESF - Companhia Hidro Elétrica do São Francisco;230,0;230 kV;EPE — Base Existente;2026-10-07
1586;LT 500 kV Terminal Rio - Nova Iguaçu, C2 (CD);XRTE - XINGU RIO TRANSMISSORA DE ENERGIA S.A.;500,0;500 kV;EPE — Base Existente;2026-10-07
1587;LT 500 kV Angra 2 - Angra, C1;Não informado;500,0;500 kV;EPE — Base Existente;2026-10-07
1588;LT 230 kV Cana Brava - Serra da Mesa, C1;ENGIE - ENGIE BRASIL ENERGIA SA;230,0;230 kV;EPE — Base Existente;2026-10-07
1589;LT 230 kV Janaúba 3 - Jaíba, C1 (CD);SOLARIS - SOLARIS TRANSMISSÃO DE ENERGIA S.A.;230,0;230 kV;EPE — Base Existente;2026-10-07
1590;LT 230 kV Figueira - Mauá, C1;COPEL-GT - COPEL GERAÇÃO E TRANSMISSÃO S.A;230,0;230 kV;EPE — Base Existente;2026-10-07
1591;LT 525 kV Areia - UHE Governador Bento Munhoz da Rocha Netto, C2;ELETROSUL - ELETROSUL Centrais Elétricas S.A.;525,0;525 kV;EPE — Base Existente;2026-10-07
1592;LT 525 kV Itá - Nova Santa Rita, C2;TSBE - Transmissora Sul Brasileira de Energia S A;525,0;525 kV;EPE — Base Existente;2026-10-07
1593;LT 230 kV Delfina - Juazeiro II, C1;EOL DELFINA A - ENEL GREEN POWER DELFINA A EÓLICA S.A.;230,0;230 kV;EPE — Base Existente;2026-10-07
1594;LT 500 kV Juazeiro III - Luiz Gonzaga, C C4;CHESF - CHESF - Companhia Hidro Elétrica do São Francisco;500,0;500 kV;EPE — Base Existente;2026-10-07
1595;LT 230 kV Aimorés - UHE Aimorés, C3;CEMIG GT - CEMIG GERAÇÃO E TRANSMISSÃO S.A;230,0;230 kV;EPE — Base Existente;2026-10-07
1596;LT 230 kV Oriximiná - Juruti, C2 (CD);PARINTINS AMAZONAS - PARINTINS AMAZONAS TRANSMISSORA DE ENERGIA S.A.;230,0;230 kV;EPE — Base Existente;2026-10-07
1597;LT 230 kV Rio Branco I - Tucumã, C1;ELETRONORTE - Centrais Elétricas do Norte do Brasil S/A;230,0;230 kV;EPE — Base Existente;2026-10-07
1598;LT 230 kV Icaraí - Sobral III, C1;EOL ICARAÍ I - Central Geradora Eólica Icaraí I SA;230,0;230 kV;EPE — Base Existente;2026-10-07
1599;LT 230 kV Campo Largo - Ourolândia II, C1;CLWP EÓLICA I - CLWP EOLICA PARQUE I S.A.;230,0;230 kV;EPE — Base Existente;2026-10-07
1600;LT 230 kV Acaraú II - Sobral III, C1;EOL VOLTA DO RIO - CENTRAL EÓLICA VOLTA DO RIO S.A.;230,0;230 kV;EPE — Base Existente;2026-10-07
1601;LT 345 kV Baixada Santista - Tijuco Preto, C1;CTEEP - Companhia de Transmissão de Energia Elétrica Paulista;345,0;345 kV;EPE — Base Existente;2026-10-07
1602;LT 500 kV Cachoeira Paulista - Lorena, C1;CPTE - Cachoeira Paulista Transmissora de Energia S/A.;500,0;500 kV;EPE — Base Existente;2026-10-07
1603;LT 230 kV Biguaçu - Palhoça, C1;ELETROSUL - ELETROSUL Centrais Elétricas S.A.;230,0;230 kV;EPE — Base Existente;2026-10-07
1604;LT 230 kV Salto Osório - UHE Salto Osório, C4;ELETROSUL - ELETROSUL Centrais Elétricas S.A.;230,0;230 kV;EPE — Base Existente;2026-10-07
1605;LT 230 kV Samuel - Porto Velho, C3;LINHA VERDE - Linha Verde Transmissora de Energia S.A.;230,0;230 kV;EPE — Base Existente;2026-10-07
1606;LT 500 kV UTE Porto de Sergipe I - Jardim, C1;Não informado;500,0;500 kV;EPE — Base Existente;2026-10-07
1607;LT 500 kV Angelim II - Pau Ferro, C1;CHESF - CHESF - Companhia Hidro Elétrica do São Francisco;500,0;500 kV;EPE — Base Existente;2026-10-07
1608;LT 500 kV Futura - Sobradinho, C1;CHESF - CHESF - Companhia Hidro Elétrica do São Francisco;500,0;500 kV;EPE — Base Existente;2026-10-07
1609;LT 230 kV Gravataí 2 - Gravataí 3, C2;CEEE GT - Companhia Estadual de Geração e Transmissão de Energia Elétrica;230,0;230 kV;EPE — Base Existente;2026-10-07
1610;LT 230 kV Abdon Batista - Videira, C2 (CD);Não informado;230,0;230 kV;EPE — Base Existente;2026-10-07
1611;LT 230 kV Dourados - Guaira, C1;ELETROSUL - ELETROSUL Centrais Elétricas S.A.;230,0;230 kV;EPE — Base Existente;2026-10-07
1612;LT 230 kV Caxias - Nova Petrópolis 2, C1;CEEE GT - Companhia Estadual de Geração e Transmissão de Energia Elétrica;230,0;230 kV;EPE — Base Existente;2026-10-07
1613;LT 230 kV Pecém II - Taíba C1;TAÍBA ÁGUIA - Central Geradora Eólica Taíba Águia SA;230,0;230 kV;EPE — Base Existente;2026-10-07
1614;LT 230 kV Lages - Rio do Sul, C2;STC - STC - Sistema de Transmissão Catarinense S.A.;230,0;230 kV;EPE — Base Existente;2026-10-07
1615;LT 230 kV Garibaldi 1 - Vinhedos, C1;CGT ELETROSUL - COMPANHIA DE GERAÇÃO E TRANSMISSÃO DE ENERGIA ELÉTRICA DO SUL D;230,0;230 kV;EPE — Base Existente;2026-10-07
1616;LT 230 kV Jorge Lacerda A - UTE Jorge Lacerda, C2;Não informado;230,0;230 kV;EPE — Base Existente;2026-10-07
1617;LT 230 kV UHE Manso - Nobres, C1;FURNAS - Furnas Centrais Elétricas S.A.;230,0;230 kV;EPE — Base Existente;2026-10-07
1618;LT 500 kV Marimbondo 2 - Araraquara FUR, C2;FURNAS - Furnas Centrais Elétricas S.A.;500,0;500 kV;EPE — Base Existente;2026-10-07
1619;LT 230 kV Itiquira - UHE Itiquira 2, C1;-;230,0;230 kV;EPE — Base Existente;2026-10-07
1620;LT 230 kV Bongi - Joairam, C3;CHESF - CHESF - Companhia Hidro Elétrica do São Francisco;230,0;230 kV;EPE — Base Existente;2026-10-07
1621;LT 230 kV Campo Grande 2 - Imbirussú, C2;EKTT 12-A - EKTT 12-A SERVICOS DE TRANSMISSAO DE ENERGIA ELETRICA SPE S.A.;230,0;230 kV;EPE — Base Existente;2026-10-07
1622;LT 230 kV Uruguaiana 5 - Conversora Uruguaiana, C1;ELETROSUL - ELETROSUL Centrais Elétricas S.A.;230,0;230 kV;EPE — Base Existente;2026-10-07
1623;LT 525 kV Guaíba 3 - Nova Santa Rita, C2;CHIMARRÃO - CHIMARRÃO TRANSMISSORA DE ENERGIA S.A.;525,0;525 kV;EPE — Base Existente;2026-10-07
1624;LT 230 kV Acaraú II - Acaraú III, C1 (CD);SITE - SERRA DE IBIAPABA TRANSMISSORA DE ENERGIA S.A.;230,0;230 kV;EPE — Base Existente;2026-10-07
1625;LT 440 kV Araraquara CTP - Araras, C1;CTEEP - Companhia de Transmissão de Energia Elétrica Paulista;440,0;440 kV;EPE — Base Existente;2026-10-07
1626;LT 345 kV Domênico Rangoni - Tijuco Preto, C1;CTEEP - Companhia de Transmissão de Energia Elétrica Paulista;345,0;345 kV;EPE — Base Existente;2026-10-07
1627;LT 500 kV UHE Santo Antonio Margem Esquerda - Coletora Porto Velho, C4;SAESA - SANTO ANTONIO ENERGIA SA;500,0;500 kV;EPE — Base Existente;2026-10-07
1628;LT 230 kV Uberaba - Umbará, C2;COPEL-GT - COPEL GERAÇÃO E TRANSMISSÃO S.A;230,0;230 kV;EPE — Base Existente;2026-10-07
1629;LT 500 kV Serra da Mesa - Gurupi, C2;TAESA - TRANSMISSORA ALIANÇA DE ENERGIA ELÉTRICA S A;500,0;500 kV;EPE — Base Existente;2026-10-07
1630;LT 230 kV Governador Valadares 6 - Conselheiro Pena, C1;EVRECY - EVRECY PARTICIPAÇÕES LTDA;230,0;230 kV;EPE — Base Existente;2026-10-07
1631;LT 500 kV UHE Estreito - Estreito, C4;Não informado;500,0;500 kV;EPE — Base Existente;2026-10-07
1632;LT 765 kV Foz do Iguaçu - Ivaiporã, C1;Furnas Centrais Elétricas S.A.;765,0;765 kV;EPE — Base Existente;2026-10-07
1633;LT 440 kV Araraquara 2 - Araraquara CTP, C3;EKTT 9 SERVIÇOS DE TRANSMISSÃO DE ENERGIA ELÉTRICA SPE S.A.;440,0;440 kV;EPE — Base Existente;2026-10-07
1634;LT 500 kV Terminal Rio - Cachoeira Paulista, C1;FURNAS - Furnas Centrais Elétricas S.A.;500,0;500 kV;EPE — Base Existente;2026-10-07
1635;LT 230 kV Atlântida 2 - Torres 2, C1;EDP Brasil S.A.;230,0;230 kV;EPE — Base Existente;2026-10-07
1636;LT 230 kV UTE Mauá 3 - Mauá III, C1;Não informado;230,0;230 kV;EPE — Base Existente;2026-10-07
1637;LT 230 kV Currais Novos II - Lagoa Nova II, C1 (CD);LAGOA NOVA - LAGOA NOVA TRANSMISSORA DE ENERGIA ELÉTRICA SA;230,0;230 kV;EPE — Base Existente;2026-10-07
1638;LT 500 kV Serra da Mesa - Samambaia, C3;TAESA - TRANSMISSORA ALIANÇA DE ENERGIA ELÉTRICA S A;500,0;500 kV;EPE — Base Existente;2026-10-07
1639;LT 230 kV Suape II - Suape III, C2;CHESF - CHESF - Companhia Hidro Elétrica do São Francisco;230,0;230 kV;EPE — Base Existente;2026-10-07
1640;LT 230 kV Garanhuns II - Paranatama, C1;SERRA DAS VACAS I - EOLICA SERRA DAS VACAS I S.A.;230,0;230 kV;EPE — Base Existente;2026-10-07
1641;LT 230 kV Chavantes - Pirajú, C1;CTEEP - Companhia de Transmissão de Energia Elétrica Paulista;230,0;230 kV;EPE — Base Existente;2026-10-07
1642;LT 440 kV Bauru - Araraquara CTP, C1;CTEEP - Companhia de Transmissão de Energia Elétrica Paulista;440,0;440 kV;EPE — Base Existente;2026-10-07
1643;LT 230 kV Foz do Iguaçu Norte - Medianeira Norte, C1;COPEL-GT - COPEL GERAÇÃO E TRANSMISSÃO S.A;230,0;230 kV;EPE — Base Existente;2026-10-07
1644;LT 230 kV Nova Santa Rita - Scharlau 2, C1;IES - INTERLIGAÇÃO ELÉTRICA SUL S.A;230,0;230 kV;EPE — Base Existente;2026-10-07
1645;LT 230 kV Sobral II - Cia Cearense de Cimento Portland Sobral, C1;-;230,0;230 kV;EPE — Base Existente;2026-10-07
1646;LT 500 kV Jaguaruana II - Pacatuba, C1;DUNAS TRANSMISSÃO DE ENERGIA S.A.;500,0;500 kV;EPE — Base Existente;2026-10-07
1647;LT 345 kV Guarulhos - Ibiúna, C1;FURNAS - Furnas Centrais Elétricas S.A.;345,0;345 kV;EPE — Base Existente;2026-10-07
1648;LT 230 kV Jorge Lacerda B - UTE Jorge Lacerda C, C1;Não informado;230,0;230 kV;EPE — Base Existente;2026-10-07
1649;LT 230 kV Blumenau - Gaspar 2, C2;ELETROSUL - ELETROSUL Centrais Elétricas S.A.;230,0;230 kV;EPE — Base Existente;2026-10-07
1650;LT 230 kV Curitiba Centro - Uberaba, C2 (CD);COPEL-GT - COPEL GERAÇÃO E TRANSMISSÃO S.A.;230,0;230 kV;EPE — Base Existente;2026-10-07
1651;LT 230 kV UTE Candiota 3 - Presidente Médici, C2;CGT ELETROSUL;230,0;230 kV;EPE — Base Existente;2026-10-07
1652;LT 230 kV São João do Piauí - Eliseu Martins, C1;CHESF - CHESF - Companhia Hidro Elétrica do São Francisco;230,0;230 kV;EPE — Base Existente;2026-10-07
1653;LT 230 kV GPEXPAN - Pindaí II, C1;-;230,0;230 kV;EPE — Base Existente;2026-10-07
1654;LT 525 kV Abdon Batista - Biguaçu, C1;ELETROSUL - ELETROSUL Centrais Elétricas S.A.;525,0;525 kV;EPE — Base Existente;2026-10-07
1655;LT 345 kV Três Marias - Várzea da Palma 1, C1;CEMIG GT - CEMIG GERAÇÃO E TRANSMISSÃO S.A;345,0;345 kV;EPE — Base Existente;2026-10-07
1656;LT 230 kV Henry Borden - Petrobrás Cubatão, C1;CTEEP - Companhia de Transmissão de Energia Elétrica Paulista;230,0;230 kV;EPE — Base Existente;2026-10-07
1657;LT 230 kV Abil I - Pindaí II, C1;ABIL - CENTRAIS EOLICAS ABIL S.A.;230,0;230 kV;EPE — Base Existente;2026-10-07
1658;LT 230 kV UTE Guarani - Pólo, C1;PETROBRAS - Petroleo Brasileiro S.A;230,0;230 kV;EPE — Base Existente;2026-10-07
1659;LT 230 kV Mata Norte - Pau Ferro, C1 (CD);ITAMARACA - ITAMARACÁ TRANSMISSORA SPE S.A.;230,0;230 kV;EPE — Base Existente;2026-10-07
1660;LT 500 kV São Simão - Água Vermelha, C1;CEMIG GT - CEMIG GERAÇÃO E TRANSMISSÃO S.A;500,0;500 kV;EPE — Base Existente;2026-10-07
1661;LT 500 kV Campos 2 - Mutum, C2 (CD);NEOENERGIA ITABAPOANA TRANSMISSÃO DE ENERGIA S.A.;500,0;500 kV;EPE — Base Existente;2026-10-07
1662;LT 230 kV Barra dos Coqueiros - Quirinópolis 2, C1;TRANSENER RENOVAVEL - Transenergia Renovável S.A.;230,0;230 kV;EPE — Base Existente;2026-10-07
1663;LT 230 kV São Luís II - São Luís III, C1;ELETRONORTE - Centrais Elétricas do Norte do Brasil S/A;230,0;230 kV;EPE — Base Existente;2026-10-07
1664;LT 500 kV Marabá - Itacaiúnas, C2;ATE III - ATE III TRANSMISSORA DE ENERGIA S.A.;500,0;500 kV;EPE — Base Existente;2026-10-07
1665;Ramal LT 230 kV Cícero Dantas - Catu C1 - SE Olindina C1;CHESF - CHESF - Companhia Hidro Elétrica do São Francisco;230,0;230 kV;EPE — Base Existente;2026-10-07
1666;LT 230 kV Brumado II - Cristalândia, C1;CRISTALANDIA I - ENEL GREEN POWER CRISTALANDIA I EOLICA S.A.;230,0;230 kV;EPE — Base Existente;2026-10-07
1667;LT 230 kV Sapeaçu - Funil, C1;CHESF - CHESF - Companhia Hidro Elétrica do São Francisco;230,0;230 kV;EPE — Base Existente;2026-10-07
1668;LT 230 kV Açu III - Simplice, C1;TAESA - TRANSMISSORA ALIANÇA DE ENERGIA ELÉTRICA S A;230,0;230 kV;EPE — Base Existente;2026-10-07
1669;LT 440 kV Taquaruçu - Assis, C1;TAESA - TRANSMISSORA ALIANÇA DE ENERGIA ELÉTRICA S A;440,0;440 kV;EPE — Base Existente;2026-10-07
1670;LT 525 kV Londrina (ESU) - Assis, C1;TAESA - TRANSMISSORA ALIANÇA DE ENERGIA ELÉTRICA S A;525,0;525 kV;EPE — Base Existente;2026-10-07
1671;LT 230 kV Porto Alegre 13 - Restinga, C1;TESB - TRANSMISSORA DE ENERGIA SUL BRASIL S.A.;230,0;230 kV;EPE — Base Existente;2026-10-07
1672;LT 345 kV Brasilia Sul - Samambaia, C3;VSBTE - VALE DO SAO BARTOLOMEU TRANSMISSORA DE ENERGIA S.A.;345,0;345 kV;EPE — Base Existente;2026-10-07
1673;LT 230 kV Ventos do Piauí II - Curral Novo do Piauí II, C1;-;230,0;230 kV;EPE — Base Existente;2026-10-07
1674;LT 230 kV São Vitor - Gentio do Ouro II, C1;-;230,0;230 kV;EPE — Base Existente;2026-10-07
1675;LT 230 kV Laranjal - Macapá, C1;MACAPA TRA - LINHAS DE MACAPÁ TRANSMISSORA DE ENERGIA SA;230,0;230 kV;EPE — Base Existente;2026-10-07
1676;LT 230 kV Bagé 2 - Candiota 2, C2;CEEE GT - Companhia Estadual de Geração e Transmissão de Energia Elétrica;230,0;230 kV;EPE — Base Existente;2026-10-07
1677;LT 525 kV Areia - Curitiba, C1;ELETROSUL - ELETROSUL Centrais Elétricas S.A.;525,0;525 kV;EPE — Base Existente;2026-10-07
1678;LT 525 kV Marmeleiro 2 - Santa Vitória do Palmar, C1;TSLE - TRANSMISSORA SUL LITORÂNEA DE ENERGIA S.A.;525,0;525 kV;EPE — Base Existente;2026-10-07
1679;LT 525 kV Abdon Batista - Campos Novos, C1;ELETROSUL - ELETROSUL Centrais Elétricas S.A.;525,0;525 kV;EPE — Base Existente;2026-10-07
1680;LT 230 kV UTE Nova Piratinanga - Piratininga, C2;CTEEP - Companhia de Transmissão de Energia Elétrica Paulista;230,0;230 kV;EPE — Base Existente;2026-10-07
1681;LT 500 kV Bom Despacho 3 - São Gonçalo do Pará, C1;CEMIG GT - CEMIG GERAÇÃO E TRANSMISSÃO S.A;500,0;500 kV;EPE — Base Existente;2026-10-07
1682;LT 345 kV Presidente Juscelino - Sete Lagoas 4, C2;MANTIQUEIRA TRANSMIS - MANTIQUEIRA TRANSMISSORA DE ENERGIA S.A.;345,0;345 kV;EPE — Base Existente;2026-10-07
1683;LT 500 kV Paranatinga - Ribeirãozinho, C1;MATRINCHA - MATRINCHA TRANSMISSORA DE ENERGIA S A;500,0;500 kV;EPE — Base Existente;2026-10-07
1684;LT 345 kV UHE Corumbá - Corumbá, C2;Não informado;345,0;345 kV;EPE — Base Existente;2026-10-07
1685;LT 500 kV Ceará Mirim II - João Câmara III, C2;ESPERANZA - ESPERANZA TRANSMISSORA DE ENERGIA S.A.;500,0;500 kV;EPE — Base Existente;2026-10-07
1686;LT 230 kV Lechuga - Manaus, C2;AMAZONAS GT - AMAZONAS GERAÇÃO E TRANSMISSÃO DE ENERGIA SA;230,0;230 kV;EPE — Base Existente;2026-10-07
1687;LT 230 kV UTE Cristiano Rocha - Lechuga, C1;AMAZONAS GT - AMAZONAS GERAÇÃO E TRANSMISSÃO DE ENERGIA SA;230,0;230 kV;EPE — Base Existente;2026-10-07
1688;LT 230 kV Juazeiro Solar - Juazeiro II, C1;-;230,0;230 kV;EPE — Base Existente;2026-10-07
1689;LT 500 kV Xingu - Serra Pelada, C2;NOVO ESTADO - NOVO ESTADO TRANSMISSORA DE ENERGIA S.A.;500,0;500 kV;EPE — Base Existente;2026-10-07
1690;LT 230 kV Encruzo Novo - Miranda II, C1;ENCRUZO NOVO - ENCRUZO NOVO TRANSMISSORA DE ENRGIA LTDA;230,0;230 kV;EPE — Base Existente;2026-10-07
1691;LT 230 kV Edéia - Palmeiras, C1;TRANSENER RENOVAVEL - Transenergia Renovável S.A.;230,0;230 kV;EPE — Base Existente;2026-10-07
1692;LT 345 kV Adrianópolis - Comperj, C1;FURNAS - Furnas Centrais Elétricas S.A.;345,0;345 kV;EPE — Base Existente;2026-10-07
1693;LT 500 kV UTE Baixada Fluminense - Baixada Fluminense, C1;Não informado;500,0;500 kV;EPE — Base Existente;2026-10-07
1694;LT 500 kV Lagos - Campos 2, C1 (CD);Não informado;500,0;500 kV;EPE — Base Existente;2026-10-07
1695;LT 230 kV Aquiraz II - Banabuiú, C3;CHESF - CHESF - Companhia Hidro Elétrica do São Francisco;230,0;230 kV;EPE — Base Existente;2026-10-07
1696;LT 230 kV Riachão II - Extremoz II, C1;CHESF - CHESF - Companhia Hidro Elétrica do São Francisco;230,0;230 kV;EPE — Base Existente;2026-10-07
1697;LT 230 kV Castanhal - Santa Maria, C1;ERTE - Empresa Regional de Transmissão de Energia S.A.;230,0;230 kV;EPE — Base Existente;2026-10-07
1698;LT 230 kV Forquilhinha - Siderópolis 2, C2;NEOENERGIA LAGOA DOS PATOS TRANSMISSÃO DE ENERGIA S.A.;230,0;230 kV;EPE — Base Existente;2026-10-07
1699;LT 230 kV Bateias - Jaguariaíva, C1;COPEL-GT - COPEL GERAÇÃO E TRANSMISSÃO S.A;230,0;230 kV;EPE — Base Existente;2026-10-07
1700;LT 500 kV UHE Itaipu - Margem Direita, C4;ITAIPU - ITAIPU Binacional;500,0;500 kV;EPE — Base Existente;2026-10-07
1701;LT 345 kV Norte - Guarulhos, C2;CTEEP - Companhia de Transmissão de Energia Elétrica Paulista;345,0;345 kV;EPE — Base Existente;2026-10-07
1702;LT 230 kV Ilha Solteira 2 - Inocência, C3;ITATIM - Linhas de Transmissão Itatim Ldta;230,0;230 kV;EPE — Base Existente;2026-10-07
1703;LT 345 kV UTE Termomacaé - Macaé Merchant, C2;PETROBRAS - Petroleo Brasileiro S.A;345,0;345 kV;EPE — Base Existente;2026-10-07
1704;LT 230 kV Henry Borden - Interligação Anel 230 kV (EMAE);EMAE;230,0;230 kV;EPE — Base Existente;2026-10-07
1705;LT 230 kV Aparecida - Taubaté, C1;CTEEP - Companhia de Transmissão de Energia Elétrica Paulista;230,0;230 kV;EPE — Base Existente;2026-10-07
1706;LT 230 kV Cascavel Norte - Umuarama Sul, C1;COSTA OESTE - COSTA OESTE TRANSMISSORA DE ENERGIA SA;230,0;230 kV;EPE — Base Existente;2026-10-07
1707;LT 230 kV Dona Francisca - Itaúba, C2;CEEE GT - Companhia Estadual de Geração e Transmissão de Energia Elétrica;230,0;230 kV;EPE — Base Existente;2026-10-07
1708;LT 500 kV Miranda II - São Luís II, C3;EDP MA I - EDP TRANSMISSAO MA I S.A.;500,0;500 kV;EPE — Base Existente;2026-10-07
1709;LT 345 kV Campos - Macaé Merchant, C3;FURNAS - Furnas Centrais Elétricas S.A.;345,0;345 kV;EPE — Base Existente;2026-10-07
1710;LT 230 kV Londrina (ESUL) - Sarandi, C1;CGT ELETROSUL - COMPANHIA DE GERAÇÃO E TRANSMISSÃO DE ENERGIA ELÉTRICA DO SUL D;230,0;230 kV;EPE — Base Existente;2026-10-07
1711;LT 230 kV Bateias - Curitiba Norte, C1;COPEL-GT - COPEL GERAÇÃO E TRANSMISSÃO S.A;230,0;230 kV;EPE — Base Existente;2026-10-07
1712;LT 230 kV Curitiba - Joinvile Norte, C2;IES - INTERLIGAÇÃO ELÉTRICA SUL S.A;230,0;230 kV;EPE — Base Existente;2026-10-07
1713;LT 230 kV Curitiba Centro - Uberaba, C1 (CD);COPEL-GT - COPEL GERAÇÃO E TRANSMISSÃO S.A.;230,0;230 kV;EPE — Base Existente;2026-10-07
1714;LT 500 kV Sobradinho - São João do Piauí, C2;TAESA - TRANSMISSORA ALIANÇA DE ENERGIA ELÉTRICA S A;500,0;500 kV;EPE — Base Existente;2026-10-07
1715;LT 500 kV Silvânia - Trindade, C1;Não informado;500,0;500 kV;EPE — Base Existente;2026-10-07
1716;LT 230 kV Teresina II - Teresina III, C2;CHESF - CHESF - Companhia Hidro Elétrica do São Francisco;230,0;230 kV;EPE — Base Existente;2026-10-07
1717;LT 230 kV Angelim - Recife II, C2;CHESF - CHESF - Companhia Hidro Elétrica do São Francisco;230,0;230 kV;EPE — Base Existente;2026-10-07
1718;LT 230 kV Caxias Norte - Caxias do Sul 5, C1;ELETROSUL - ELETROSUL Centrais Elétricas S.A.;230,0;230 kV;EPE — Base Existente;2026-10-07
1719;LT 230 kV Jorge Lacerda B - UTE Jorge Lacerda B, C4;Não informado;230,0;230 kV;EPE — Base Existente;2026-10-07
1720;LT 230 kV Jaguarari - Juazeiro II, C1;CHESF - CHESF - Companhia Hidro Elétrica do São Francisco;230,0;230 kV;EPE — Base Existente;2026-10-07
1721;LT 230 kV Campo Formoso - Senhor do Bonfim II, C1;CHESF - CHESF - Companhia Hidro Elétrica do São Francisco;230,0;230 kV;EPE — Base Existente;2026-10-07
1722;LT 230 kV Abunã - Rio Branco I, C3;EDP TRANSMISSÃO NORTE S.A.;230,0;230 kV;EPE — Base Existente;2026-10-07
1723;LT 230 kV Laranjal - Macapá, C2;MACAPA TRA - LINHAS DE MACAPÁ TRANSMISSORA DE ENERGIA SA;230,0;230 kV;EPE — Base Existente;2026-10-07
1724;LT 230 kV Nova Prata 2 - Vila Maria, C2;CGT ELETROSUL - COMPANHIA DE GERAÇÃO E TRANSMISSÃO DE ENERGIA ELÉTRICA DO SUL D;230,0;230 kV;EPE — Base Existente;2026-10-07
1725;LT 345 kV Adrianópolis - Jacarepaguá, C1;FURNAS - Furnas Centrais Elétricas S.A.;345,0;345 kV;EPE — Base Existente;2026-10-07
1726;LT 230 kV João Câmara 2 - São Miguel, C1;SM Geração de Energia Eólica Ltda.;230,0;230 kV;EPE — Base Existente;2026-10-07
1727;LT 230 kV UHE Pimental - Pimental, C1;Não informado;230,0;230 kV;EPE — Base Existente;2026-10-07
1728;LT 345 kV UHE Jaguara - UHE Luiz Carlos Barreto de Carvalho, C1;CEMIG GT - CEMIG GERAÇÃO E TRANSMISSÃO S.A;345,0;345 kV;EPE — Base Existente;2026-10-07
1729;LT 230 kV Laranjeiras - Gentio do Ouro II, C1;-;230,0;230 kV;EPE — Base Existente;2026-10-07
1730;LT 230 kV Messias - Maceió, C2;CHESF - CHESF - Companhia Hidro Elétrica do São Francisco;230,0;230 kV;EPE — Base Existente;2026-10-07
1731;LT 230 kV Termopernambuco - M&G Polímeros, C1;-;230,0;230 kV;EPE — Base Existente;2026-10-07
1732;LT 230 kV Lucas do Rio Verde - Sorriso, C1;ELETRONORTE - Centrais Elétricas do Norte do Brasil S/A;230,0;230 kV;EPE — Base Existente;2026-10-07
1733;LT 230 kV Jauru - Juba, C2;BRASNORTE - BRASNORTE TRANSMISSORA DE ENERGIA S.A.;230,0;230 kV;EPE — Base Existente;2026-10-07
1734;LT 440 kV Baguaçu - lha Solteira, C1;IE AGUAPEI - INTERLIGAÇÃO ELÉTRICA AGUAPEÍ S.A.;440,0;440 kV;EPE — Base Existente;2026-10-07
1735;LT 440 kV CBA 2 - Oeste, C1;CTEEP - Companhia de Transmissão de Energia Elétrica Paulista;440,0;440 kV;EPE — Base Existente;2026-10-07
1736;LT 230 kV Itararé II - Jaguariaíva, C1;ATE V - ATE V - Londrina Transmissora de Energia S.A.;230,0;230 kV;EPE — Base Existente;2026-10-07
1737;LT 230 kV Mendubim - Açu III, C1;MENDUBIM GERAÇÃO DE ENERGIA LTDA;230,0;230 kV;EPE — Base Existente;2026-10-07
1738;LT 230 kV Apucarana - Londrina Sul, C1;CGT ELETROSUL - Companhia de Geração e Transmissão de Energia Elétrica do Sul do Brasil;230,0;230 kV;EPE — Base Existente;2026-10-07
1739;LT 525 kV Candiota - Melo C1;ELETROBRAS - Centrais Elétricas Brasileiras S/A;525,0;525 kV;EPE — Base Existente;2026-10-07
1740;LT 230 kV Santa Cruz 1 - Charqueadas 3, C1;Não informado;230,0;230 kV;EPE — Base Existente;2026-10-07
1741;LT 230 kV Planalto - Anhanguera, C1;EDP GOIAS - EDP TRANSMISSÃO GOIÁS S.A.;230,0;230 kV;EPE — Base Existente;2026-10-07
1742;LT 345 kV Ibiúna - Interlagos, C1;CTEEP - Companhia de Transmissão de Energia Elétrica Paulista;345,0;345 kV;EPE — Base Existente;2026-10-07
1743;LT 230 kV Lagoa Vermelha 2 - Santa Marta, C1;ETAU - EMPRESA DE TRANSMISSÃO DO ALTO DO URUGUAI S/A;230,0;230 kV;EPE — Base Existente;2026-10-07
1744;LT 525 kV Guaíra - Foz do Iguaçu, C1 (CD);IE IVAI - INTERLIGAÇÃO ELÉTRICA IVAÍ S.A.;525,0;525 kV;EPE — Base Existente;2026-10-07
1745;LT 230 kV Passo Real - Lajeado 2, C1;CEEE GT - Companhia Estadual de Geração e Transmissão de Energia Elétrica;230,0;230 kV;EPE — Base Existente;2026-10-07
1746;LT 230 kV Cidade Industrial - Siderúrgica Riograndense, C1;-;230,0;230 kV;EPE — Base Existente;2026-10-07
1747;LT 230 kV Banabuiú - Mossoró II, C1;CHESF - CHESF - Companhia Hidro Elétrica do São Francisco;230,0;230 kV;EPE — Base Existente;2026-10-07
1748;LT 230 kV Ford - Polo, C2;AFLUENTE TRANSMISSÃO - Afluente Transmissão de Energia Elétrica SA;230,0;230 kV;EPE — Base Existente;2026-10-07
1749;LT 230 kV Campina Grande II - Campina Grande III, C1;ETN - EXTREMOZ TRANSMISSORA DO NORDESTE;230,0;230 kV;EPE — Base Existente;2026-10-07
1750;LT 230 kV João Câmara 2 - João Câmara III, C1 (CD);ETAP - ETAP EMPRESA TRANSMISSORA AGRESTE POTIGUAR S.A.;230,0;230 kV;EPE — Base Existente;2026-10-07
1751;LT 230 kV Rio Claro 2 - Rio Verde, C1;FURNAS - Furnas Centrais Elétricas S.A.;230,0;230 kV;EPE — Base Existente;2026-10-07
1752;LT 230 kV Tamboril I - Quina, C1;TAMBORIL - Centrais Eólicas Tamboril S.A.;230,0;230 kV;EPE — Base Existente;2026-10-07
1753;LT 230 kV São Luis II - São Luis I, C1;ELETRONORTE - Centrais Elétricas do Norte do Brasil S/A;230,0;230 kV;EPE — Base Existente;2026-10-07
1754;LT 500 kV Nova Iguaçu - Zona Oeste, C1;FURNAS - Furnas Centrais Elétricas S.A.;500,0;500 kV;EPE — Base Existente;2026-10-07
1755;LT 500 kV Baixada Fluminense - Cachoeira Paulista, C1;FURNAS - Furnas Centrais Elétricas S.A.;500,0;500 kV;EPE — Base Existente;2026-10-07
1756;LT 230 kV Guaíba 2 - Guaíba 3, C1 (CD);CHIMARRÃO - CHIMARRÃO TRANSMISSORA DE ENERGIA S.A.;230,0;230 kV;EPE — Base Existente;2026-10-07
1757;LT 230 kV Forquilhinha - Siderópolis, C1;ELETROSUL - ELETROSUL Centrais Elétricas S.A.;230,0;230 kV;EPE — Base Existente;2026-10-07
1758;LT 230 kV Itá - Pinhalzinho 2, C2 (CD);CPFL SUL I - CPFL TRANSMISSÃO DE ENERGIA SUL I LTDA.;230,0;230 kV;EPE — Base Existente;2026-10-07
1759;LT 500 kV UHE Marimbondo - Marimbondo, C6;Não informado;500,0;500 kV;EPE — Base Existente;2026-10-07
1760;LT 230 kV Passo Fundo - Xanxerê, C1;ELETROSUL - ELETROSUL Centrais Elétricas S.A.;230,0;230 kV;EPE — Base Existente;2026-10-07
1761;LT 500 kV Itabira 5 - Mesquita, C2;CEMIG GT - CEMIG GERAÇÃO E TRANSMISSÃO S.A;500,0;500 kV;EPE — Base Existente;2026-10-07
1762;LT 345 kV UHE Luiz Carlos Barreto de Carvalho - Volta Grande, C1;FURNAS - Furnas Centrais Elétricas S.A.;345,0;345 kV;EPE — Base Existente;2026-10-07
1763;LT 230 kV Camaquã 3 - Nova Santa Rita, C1;TSBE - Transmissora Sul Brasileira de Energia S A;230,0;230 kV;EPE — Base Existente;2026-10-07
1764;LT 525 kV Campos Novos - Nova Santa Rita, C1;ELETROSUL - ELETROSUL Centrais Elétricas S.A.;525,0;525 kV;EPE — Base Existente;2026-10-07
1765;LT 500 kV Itabira 5 - Mesquita, C1;IEMG - INTERLIGAÇÃO ELÉTRICA DE MINAS GERAIS S.A;500,0;500 kV;EPE — Base Existente;2026-10-07
1766;LT 345 kV UHE Luiz Carlos Barreto de Carvalho - Poços de Caldas, C1;FURNAS - Furnas Centrais Elétricas S.A.;345,0;345 kV;EPE — Base Existente;2026-10-07
1767;LT 230 kV Imbirussú - Sidrolândia 2, C1;BRILHANTE - Brilhante Transmissora de Energia Ltda;230,0;230 kV;EPE — Base Existente;2026-10-07
1768;LT 230 kV Abaiara - Bom Nome, C1;CHESF - CHESF - Companhia Hidro Elétrica do São Francisco;230,0;230 kV;EPE — Base Existente;2026-10-07
1769;LT 230 kV Gravataí 2 - Porto Alegre 6, C2;CEEE GT - Companhia Estadual de Geração e Transmissão de Energia Elétrica;230,0;230 kV;EPE — Base Existente;2026-10-07
1770;LT 230 kV Gravataí 3 - Osório 3, C1;CPFL SUL II - CPFL TRANSMISSÃO DE ENERGIA SUL II LTDA.;230,0;230 kV;EPE — Base Existente;2026-10-07
1771;LT 440 kV Alta Paulista - Taquaruçu, C1;CTEEP - Companhia de Transmissão de Energia Elétrica Paulista;440,0;440 kV;EPE — Base Existente;2026-10-07
1772;LT 440 kV Cabreúva - Salto, C1;CTEEP - Companhia de Transmissão de Energia Elétrica Paulista;440,0;440 kV;EPE — Base Existente;2026-10-07
1773;LT 230 kV UTE Nova Piratinanga - Piratininga, C1;CTEEP - Companhia de Transmissão de Energia Elétrica Paulista;230,0;230 kV;EPE — Base Existente;2026-10-07
1774;LT 230 kV Juba - Brasnorte, C2;EBTE TRA - EMPRESA BRASILEIRA DE TRANSMISSÃO DE ENERGIA S.A;230,0;230 kV;EPE — Base Existente;2026-10-07
1775;LT 500 kV Juazeiro III - Luiz Gonzaga, C1;CHESF - CHESF - Companhia Hidro Elétrica do São Francisco;500,0;500 kV;EPE — Base Existente;2026-10-07
1776;LT 500 kV Marabá - Tucuruí, C3;EATE - Empresa Amazonense de Transmissão de Energia S.A.;500,0;500 kV;EPE — Base Existente;2026-10-07
1777;LT 230 kV Riachão II - Campina Grande III, C1;CHESF - CHESF - Companhia Hidro Elétrica do São Francisco;230,0;230 kV;EPE — Base Existente;2026-10-07
1778;LT 230 kV UHE Balbina - Balbina, C3;Não informado;230,0;230 kV;EPE — Base Existente;2026-10-07
1779;LT 500 kV Segredo - UHE Governador Ney Braga, C4;COPEL-GT - COPEL GERAÇÃO E TRANSMISSÃO S.A;500,0;500 kV;EPE — Base Existente;2026-10-07
1780;LT 230 kV Foz do Chopim - Salto Osório (ESUL), C2;COPEL-GT - COPEL GERAÇÃO E TRANSMISSÃO S.A;230,0;230 kV;EPE — Base Existente;2026-10-07
1781;LT 230 kV Areia - Guarapuava Oeste, C2;GRALHA AZUL - GRALHA AZUL TRANSMISSÃO DE ENERGIA S.A.;230,0;230 kV;EPE — Base Existente;2026-10-07
1782;LT 230 kV Jurumirim - Avaré Nova, C1;CTEEP - Companhia de Transmissão de Energia Elétrica Paulista;230,0;230 kV;EPE — Base Existente;2026-10-07
1783;LT 230 kV Itapebi - Veracel, C1;-;230,0;230 kV;EPE — Base Existente;2026-10-07
1784;LT 230 kV Tapajós 2 - Transamazônica, C1;EQUATORIAL 8 - EQUATORIAL TRANSMISSORA DE ENERGIA 8 SPE;230,0;230 kV;EPE — Base Existente;2026-10-07
1785;LT 230 kV Canoinhas - São Mateus do Sul, C2;ATE IV - ATE IV - SAO MATEUS TRANSMISSORA DE ENERGIA S.A.;230,0;230 kV;EPE — Base Existente;2026-10-07
1786;LT 500 kV Miranda II - Santo Antônio dos Lopes, C1;ELETRONORTE - Centrais Elétricas do Norte do Brasil S/A;500,0;500 kV;EPE — Base Existente;2026-10-07
1787;LT 230 kV Lajeado 2 - Lajeado III, C1;SE VINEYARDS - SE VINEYARDS TRANSMISSAO DE ENERGIA S.A.;230,0;230 kV;EPE — Base Existente;2026-10-07
1788;LT 230 kV Bom Jesus da Lapa  - Brotas de Macaúbas, C1;CHESF - CHESF - Companhia Hidro Elétrica do São Francisco;230,0;230 kV;EPE — Base Existente;2026-10-07
1789;LT 230 kV Barreiras II - Tabocas do Brejo Velho, C1;CHESF - CHESF - Companhia Hidro Elétrica do São Francisco;230,0;230 kV;EPE — Base Existente;2026-10-07
1790;LT 230 kV Brotas de Macaúbas - Gentio do Ouro II, C1;TJMME - TRANSMISSORA JOSE MARIA DE MACEDO DE ELETRICIDADE S.A.;230,0;230 kV;EPE — Base Existente;2026-10-07
1791;LT 500 kV Teresina II - Tianguá II, C1;CHESF - CHESF - Companhia Hidro Elétrica do São Francisco;500,0;500 kV;EPE — Base Existente;2026-10-07
1792;LT 230 kV Itajaí - Itajaí 2, C2;Não informado;230,0;230 kV;EPE — Base Existente;2026-10-07
1793;LT 230 kV Jauru - Várzea Grande 2, C1;ELETRONORTE - Centrais Elétricas do Norte do Brasil S/A;230,0;230 kV;EPE — Base Existente;2026-10-07
1794;LT 230 kV UHE Dardanelos - Dardanelos, C1;Não informado;230,0;230 kV;EPE — Base Existente;2026-10-07
1795;LT 230 kV Barro Alto - Niquelândia, C1;FURNAS - Furnas Centrais Elétricas S.A.;230,0;230 kV;EPE — Base Existente;2026-10-07
1796;LT 500 kV Belo Monte - Xingu, C2;NORTE ENERGIA SA - NORTE ENERGIA SA;500,0;500 kV;EPE — Base Existente;2026-10-07
1797;LT 230 kV Catu - Governador Mangabeira, C1;CHESF - CHESF - Companhia Hidro Elétrica do São Francisco;230,0;230 kV;EPE — Base Existente;2026-10-07
1798;LT 230 kV Gaspar 2 - Indaial, C2 (CD);NEOENERGIA VALE DO ITAJAÍ TRANSMISSÃO DE ENERGIA S.A.;230,0;230 kV;EPE — Base Existente;2026-10-07
1799;LT 500 kV Sobral III - Tianguá II, C1;CHESF - CHESF - Companhia Hidro Elétrica do São Francisco;500,0;500 kV;EPE — Base Existente;2026-10-07
1800;LT 500 kV Jeremoabo - Paulo Afonso IV, C1;CHESF - CHESF - Companhia Hidro Elétrica do São Francisco;500,0;500 kV;EPE — Base Existente;2026-10-07
1801;LT 230 kV Jauru - Várzea Grande 2, C2;ELETRONORTE - Centrais Elétricas do Norte do Brasil S/A;230,0;230 kV;EPE — Base Existente;2026-10-07
1802;LT 500 kV Peixe 2 - Peixe Angical, C1;ENERPEIXE - Enerpeixe S.A.;500,0;500 kV;EPE — Base Existente;2026-10-07
1803;LT 500 kV Mutum - Viana 2, C1;MGE TRA - MGE TRANSMISSO SA;500,0;500 kV;EPE — Base Existente;2026-10-07
1804;LT 600 kV CC Coletora Porto Velho - Araraquara 2, C1;IEM - INTERLIGAÇÃO ELETRICA DO MADEIRA S.A;600,0;600 kV;EPE — Base Existente;2026-10-07
1805;LT 440 kV Araraquara CTP - Mirassol II, C1;CTEEP - Companhia de Transmissão de Energia Elétrica Paulista;440,0;440 kV;EPE — Base Existente;2026-10-07
1806;LT 345 kV Leste - Tijuco Preto, C1;CTEEP - Companhia de Transmissão de Energia Elétrica Paulista;345,0;345 kV;EPE — Base Existente;2026-10-07
1807;LT 525 kV Salto Caxias - Salto Santiago, C1;COPEL-GT - COPEL GERAÇÃO E TRANSMISSÃO S.A;525,0;525 kV;EPE — Base Existente;2026-10-07
1808;LT 500 kV Pirapora 2 - Presidente Juscelino, C2;MANTIQUEIRA TRANSMIS - MANTIQUEIRA TRANSMISSORA DE ENERGIA S.A.;500,0;500 kV;EPE — Base Existente;2026-10-07
1809;LT 345 kV UHE Furnas - Furnas, C8;Não informado;345,0;345 kV;EPE — Base Existente;2026-10-07
1810;LT 230 kV Porto Velho - Abunã, C2;ELETRONORTE - Centrais Elétricas do Norte do Brasil S/A;230,0;230 kV;EPE — Base Existente;2026-10-07
1811;LT 230 kV Brasnorte - Parecis, C2;EBTE TRA - EMPRESA BRASILEIRA DE TRANSMISSÃO DE ENERGIA S.A;230,0;230 kV;EPE — Base Existente;2026-10-07
1812;LT 345 kV Anhanguera - Milton Fornasaro, C2;CTEEP - Companhia de Transmissão de Energia Elétrica Paulista;345,0;345 kV;EPE — Base Existente;2026-10-07
1813;LT 345 kV Comperj - Lagos, C1;FURNAS - Furnas Centrais Elétricas S.A.;345,0;345 kV;EPE — Base Existente;2026-10-07
1814;LT 230 kV Garibaldi 1 - Lajeado III, C1;SE VINEYARDS TRANSMISSAO DE ENERGIA S.A.;230,0;230 kV;EPE — Base Existente;2026-10-07
1815;LT 230 kV UHE Balbina - Balbina, C1;Não informado;230,0;230 kV;EPE — Base Existente;2026-10-07
1816;LT 230 kV Castanhal - Santa Maria, C2;ELETRONORTE - Centrais Elétricas do Norte do Brasil S/A;230,0;230 kV;EPE — Base Existente;2026-10-07
1817;LT 500 kV UTE Maranhão IV - Parnaíba, C1;Não informado;500,0;500 kV;EPE — Base Existente;2026-10-07
1818;LT 500 kV Xingó - Jardim, C1;CHESF - CHESF - Companhia Hidro Elétrica do São Francisco;500,0;500 kV;EPE — Base Existente;2026-10-07
1819;LT 440 kV Replan - Santo Ângelo, C1;CTEEP - Companhia de Transmissão de Energia Elétrica Paulista;440,0;440 kV;EPE — Base Existente;2026-10-07
1820;LT 230 kV Nilo Peçanha - Santa Cabeça, C1;LIGHT GT - LIGHT ENERGIA S.A;230,0;230 kV;EPE — Base Existente;2026-10-07
1821;LT 230 kV Klabin Celulose - Klabin Monte Alegre, C1;-;230,0;230 kV;EPE — Base Existente;2026-10-07
1822;LT 440 kV Ilha Solteira - Ilha Solteira 2, C2;ITATIM - Linhas de Transmissão Itatim Ldta;440,0;440 kV;EPE — Base Existente;2026-10-07
1823;LT 500 kV Padre Paraíso 2 - Poções III, C1;PARAÍSO TPE - TPE - TRANSMISSORA PARAISO DE ENERGIA S.A.;500,0;500 kV;EPE — Base Existente;2026-10-07
1824;LT 500 kV Parnaíba - Santo Antônio dos Lopes, C2;-;500,0;500 kV;EPE — Base Existente;2026-10-07
1825;LT 230 kV Banabuiú - Russas II, C2;CHESF - CHESF - Companhia Hidro Elétrica do São Francisco;230,0;230 kV;EPE — Base Existente;2026-10-07
1826;LT 230 kV Epasa - Termonordeste, C1;EPASA - CENTRAIS ELÉTRICAS DA PARAÍBA S.A;230,0;230 kV;EPE — Base Existente;2026-10-07
1827;LT 230 kV Irecê - Morro do Chapéu II, C1;CHESF - CHESF - Companhia Hidro Elétrica do São Francisco;230,0;230 kV;EPE — Base Existente;2026-10-07
1828;LT 230 kV Coxipó - Cuiabá, C1;AETE - AMAZÔNIA - ELETRONORTE TRANSMISSORA DE ENERGIA S.A.;230,0;230 kV;EPE — Base Existente;2026-10-07
1829;LT 230 kV Messias - Rio Largo II, C3;CHESF - CHESF - Companhia Hidro Elétrica do São Francisco;230,0;230 kV;EPE — Base Existente;2026-10-07
1830;LT 345 kV Estreito - Furnas, C1;FURNAS - Furnas Centrais Elétricas S.A.;345,0;345 kV;EPE — Base Existente;2026-10-07
1831;LT 500 kV Barreiras II - Rio das Éguas, C2;EQUATORIAL 1 - Equatorial Transmissora 1 SPE SA;500,0;500 kV;EPE — Base Existente;2026-10-07
1832;LT 230 kV UHE Jayme Canet Junior - Mauá, C2;Não informado;230,0;230 kV;EPE — Base Existente;2026-10-07
1833;LT 525 kV Ivaiporã - Ivaiporã (Furnas), C2;ELETROSUL - ELETROSUL Centrais Elétricas S.A.;525,0;525 kV;EPE — Base Existente;2026-10-07
1834;LT 500 kV Equador - Boa Vista, C1 (CD);Não informado;500,0;500 kV;EPE — Base Existente;2026-10-07
1835;LT 230 kV Ceará Mirim II - João Câmara 2, C1;CHESF - CHESF - Companhia Hidro Elétrica do São Francisco;230,0;230 kV;EPE — Base Existente;2026-10-07
1836;LT 230 kV Recife II - Mirueira, C1;CHESF - CHESF - Companhia Hidro Elétrica do São Francisco;230,0;230 kV;EPE — Base Existente;2026-10-07
1837;LT 500 kV Cláudia - Paranaíta, C2;MATRINCHA - MATRINCHA TRANSMISSORA DE ENERGIA S A;500,0;500 kV;EPE — Base Existente;2026-10-07
1838;LT 230 kV UHE Lajeado - Lajeado, C3;Não informado;230,0;230 kV;EPE — Base Existente;2026-10-07
1839;LT 230 kV Presidente Dutra - Peritoró, C1;ELETRONORTE - Centrais Elétricas do Norte do Brasil S/A;230,0;230 kV;EPE — Base Existente;2026-10-07
1840;LT 230 kV Paulo Afonso III - UHE Paulo Afonso III, C2;CHESF - CHESF - Companhia Hidro Elétrica do São Francisco;230,0;230 kV;EPE — Base Existente;2026-10-07
1841;LT 230 kV Maçambará 3 - Santo Ângelo, C1;TAESA - TRANSMISSORA ALIANÇA DE ENERGIA ELÉTRICA S A;230,0;230 kV;EPE — Base Existente;2026-10-07
1842;LT 230 kV Altamira - Transamazônica, C1;ELETRONORTE - Centrais Elétricas do Norte do Brasil S/A;230,0;230 kV;EPE — Base Existente;2026-10-07
1843;LT 500 kV UHE Marimbondo - Marimbondo, C4;Não informado;500,0;500 kV;EPE — Base Existente;2026-10-07
1844;LT 345 kV UHE Jaguara - Pimenta, C1;CEMIG GT - CEMIG GERAÇÃO E TRANSMISSÃO S.A;345,0;345 kV;EPE — Base Existente;2026-10-07
1845;LT 230 kV N1 - N2, C1;-;230,0;230 kV;EPE — Base Existente;2026-10-07
1846;LT 230 kV Samuel - Ariquemes, C3;LINHA VERDE - Linha Verde Transmissora de Energia S.A.;230,0;230 kV;EPE — Base Existente;2026-10-07
1847;LT 230 kV Barra dos Coqueiros - UHE Caçu, C1;GERDAU SA - Gerdau Acos Longos SA;230,0;230 kV;EPE — Base Existente;2026-10-07
1848;LT 345 kV Ouro Preto 2 - Nova Lima 6, C1;CEMIG GT - CEMIG GERAÇÃO E TRANSMISSÃO S.A;345,0;345 kV;EPE — Base Existente;2026-10-07
1849;LT 230 kV Cascavel Oeste - Cascavel, C2;COPEL-GT - COPEL GERAÇÃO E TRANSMISSÃO S.A;230,0;230 kV;EPE — Base Existente;2026-10-07
1850;LT 230 kV Indaial - Rio do Sul, C2;NEOENERGIA VALE DO ITAJAÍ TRANSMISSÃO DE ENERGIA S.A.;230,0;230 kV;EPE — Base Existente;2026-10-07
1851;LT 230 kV Chavantes - Botucatu, C3;CTEEP - Companhia de Transmissão de Energia Elétrica Paulista;230,0;230 kV;EPE — Base Existente;2026-10-07
1852;LT 525 kV Ivaiporã - Ponta Grossa, C2;GRALHA AZUL - GRALHA AZUL TRANSMISSÃO DE ENERGIA S.A.;525,0;525 kV;EPE — Base Existente;2026-10-07
1853;LT 500 kV Luziânia - Samambaia, C1;SMTE - Serra da Mesa Transmissora de Energia S/A.;500,0;500 kV;EPE — Base Existente;2026-10-07
1854;LT 230 kV Itapebi - Eunápolis, C1;CHESF - CHESF - Companhia Hidro Elétrica do São Francisco;230,0;230 kV;EPE — Base Existente;2026-10-07
1855;LT 500 kV Gilbués II - São João do Piauí, C1;SJTE - SÃO JOÃO TRANSMISSORA DE ENERGIA SA;500,0;500 kV;EPE — Base Existente;2026-10-07
1856;LT 500 kV Barreiras II - Gilbués II, C2;JALAPÃO - NEOENERGIA JALAPÃO TRANSMISSÃO DE ENERGIA S/A;500,0;500 kV;EPE — Base Existente;2026-10-07
1857;LT 230 kV Presidente Médici - Santa Cruz 1, C1;ELETROSUL - ELETROSUL Centrais Elétricas S.A.;230,0;230 kV;EPE — Base Existente;2026-10-07
1858;LT 230 kV Altamira - Xingu, C1;EQUATORIAL 8 - EQUATORIAL TRANSMISSORA DE ENERGIA 8 SPE;230,0;230 kV;EPE — Base Existente;2026-10-07
1859;LT 230 kV Paraíso - Açu II, C2;CHESF - CHESF - Companhia Hidro Elétrica do São Francisco;230,0;230 kV;EPE — Base Existente;2026-10-07
1860;LT 230 kV Xavantes - Bandeirantes, C1;CELG - GT - CELG GERAÇÃO E TRANSMISSÃO S/A;230,0;230 kV;EPE — Base Existente;2026-10-07
1861;LT 230 kV Camaçari II - Cotegipe, C2;CHESF - CHESF - Companhia Hidro Elétrica do São Francisco;230,0;230 kV;EPE — Base Existente;2026-10-07
1862;LT 500 kV Tucano - Olindina, C1;-;500,0;500 kV;EPE — Base Existente;2026-10-07
1863;LT 500 kV Campinas - Fernão Dias, C1;FURNAS - Furnas Centrais Elétricas S.A.;500,0;500 kV;EPE — Base Existente;2026-10-07
1864;LT 230 kV Londrina (ESUL) - Londrina Sul, C1;CGT ELETROSUL - Companhia de Geração e Transmissão de Energia Elétrica do Sul do Brasil;230,0;230 kV;EPE — Base Existente;2026-10-07
1865;LT 230 kV Cascavel Norte - Cascavel Oeste, C1;COSTA OESTE - COSTA OESTE TRANSMISSORA DE ENERGIA SA;230,0;230 kV;EPE — Base Existente;2026-10-07
1866;LT 230 kV Restinga - Viamão 3, C1;TESB - TRANSMISSORA DE ENERGIA SUL BRASIL;230,0;230 kV;EPE — Base Existente;2026-10-07
1867;LT 525 kV Blumenau - Curitiba Leste, C1;COPEL-GT - COPEL GERAÇÃO E TRANSMISSÃO S.A;525,0;525 kV;EPE — Base Existente;2026-10-07
1868;LT 230 kV São João do Piauí - Picos, C1;CHESF - CHESF - Companhia Hidro Elétrica do São Francisco;230,0;230 kV;EPE — Base Existente;2026-10-07
1869;LT 230 kV Tomé-Açu - Miltônia III (Paragominas), C1;-;230,0;230 kV;EPE — Base Existente;2026-10-07
1870;LT 230 kV Garanhuns II - Paulo Afonso III, C2;CHESF - CHESF - Companhia Hidro Elétrica do São Francisco;230,0;230 kV;EPE — Base Existente;2026-10-07
1871;LT 230 kV Tucuruí - Dow Corning, C1;-;230,0;230 kV;EPE — Base Existente;2026-10-07
1872;LT 230 kV Barra Grande - Lagoa Vermelha 2, C1;ETAU - EMPRESA DE TRANSMISSÃO DO ALTO DO URUGUAI S/A;230,0;230 kV;EPE — Base Existente;2026-10-07
1873;LT 230 kV Cidade Industrial - Venâncio Aires, C1;CEEE GT - Companhia Estadual de Geração e Transmissão de Energia Elétrica;230,0;230 kV;EPE — Base Existente;2026-10-07
1874;LT 500 kV Angra - Cachoeira Paulista, C1;FURNAS - Furnas Centrais Elétricas S.A.;500,0;500 kV;EPE — Base Existente;2026-10-07
1875;LT 230 kV Governador Parigot Souza - UHE Parigot Souza, C2;Não informado;230,0;230 kV;EPE — Base Existente;2026-10-07
1876;LT 500 kV UHE Itumbiara - Itumbiara, C6;Não informado;500,0;500 kV;EPE — Base Existente;2026-10-07
1877;LT 500 kV Olindina - Sapeaçu, C1;SÃO FRANCISCO TRANSMISSÃO DE ENERGIA S.A.;500,0;500 kV;EPE — Base Existente;2026-10-07
1878;LT 500 kV Colinas - Miracema, C1;ELETRONORTE - Centrais Elétricas do Norte do Brasil S/A;500,0;500 kV;EPE — Base Existente;2026-10-07
1879;LT 230 kV Folha de Serra - Pindaí II, C1;FOLHA DA SERRA - CENTRAIS EOLICAS FOLHA DA SERRA S.A;230,0;230 kV;EPE — Base Existente;2026-10-07
1880;LT 230 kV Piratininga - Interlagos, C1;CTEEP - Companhia de Transmissão de Energia Elétrica Paulista;230,0;230 kV;EPE — Base Existente;2026-10-07
1881;LT 500 kV Marimbondo 2 - São Simão, C1;RPTE - Ribeirão Preto Transmissora de Energia S/A.;500,0;500 kV;EPE — Base Existente;2026-10-07
1882;LT 230 kV Santa Maria 3 - Dona Francisca, C2;ATE VI - ATE VI - Campos Novos Transmissora de Energia S.A.;230,0;230 kV;EPE — Base Existente;2026-10-07
1883;LT 345 kV Ibiúna - Tijuco Preto, C1;FURNAS - Furnas Centrais Elétricas S.A.;345,0;345 kV;EPE — Base Existente;2026-10-07
1884;LT 525 kV Guaira - Cascavel Oeste, C1;ELETROSUL - ELETROSUL Centrais Elétricas S.A.;525,0;525 kV;EPE — Base Existente;2026-10-07
1885;LT 500 kV Campina Grande III - Ceará Mirim II, C2;POTIGUAR SUL - POTIGUAR SUL TRANSMISSÃO DE ENERGIA SA;500,0;500 kV;EPE — Base Existente;2026-10-07
1886;LT 500 kV Marabá - Tucuruí, C1;ELETRONORTE - Centrais Elétricas do Norte do Brasil S/A;500,0;500 kV;EPE — Base Existente;2026-10-07
1887;LT 525 kV Itá - UHE Itá, C2;ENGIE - ENGIE BRASIL ENERGIA SA;525,0;525 kV;EPE — Base Existente;2026-10-07
1888;LT 230 kV UTE Candiota 3 - Presidente Médici, C1;CGT ELETROSUL;230,0;230 kV;EPE — Base Existente;2026-10-07
1889;LT 345 kV Interlagos - Piratininga 2, C4;IEP - INTERLIGAÇÃO ELÉTRICA PINHEIROS S.A;345,0;345 kV;EPE — Base Existente;2026-10-07
1890;LT 500 kV Luziânia - Rio das Éguas, C1;PTE - Paranaíba Transmissora de Energia S.A;500,0;500 kV;EPE — Base Existente;2026-10-07
1891;LT 230 kV Poções II - Poções III, C1 (CD);EDTE - EDTE Empresa Diamantina de Transmissão de Energia S.A.;230,0;230 kV;EPE — Base Existente;2026-10-07
1892;LT 500 kV Serra Pelada - Miracema, C2;NOVO ESTADO - NOVO ESTADO TRANSMISSORA DE ENERGIA S.A.;500,0;500 kV;EPE — Base Existente;2026-10-07
1893;LT 230 kV Carajás - Trindade, C1;GOIAS TRA - GOIAS TRANSMISSAO SA;230,0;230 kV;EPE — Base Existente;2026-10-07
1894;LT 500 kV Cláudia - Paranatinga, C3;PRTE - Paranaíta Ribeirãozinho Transmissora de Energia SA;500,0;500 kV;EPE — Base Existente;2026-10-07
1895;LT 230 kV Cuiabá - Nobres, C1;ETEM - EMPRESA DE TRANSMISSAO DE ENERGIA DE MATO GROSSO S A;230,0;230 kV;EPE — Base Existente;2026-10-07
1896;LT 230 kV Eunápolis - Teixeira de Freitas, C2;CHESF - CHESF - Companhia Hidro Elétrica do São Francisco;230,0;230 kV;EPE — Base Existente;2026-10-07
1897;LT 230 kV Fortaleza II - Pici II, C2;CHESF - CHESF - Companhia Hidro Elétrica do São Francisco;230,0;230 kV;EPE — Base Existente;2026-10-07
1898;LT 230 kV Feijó - Rio Branco I, C1;ACRE - TRANSMISSORA ACRE SPE S.A.;230,0;230 kV;EPE — Base Existente;2026-10-07
1899;LT 230 kV Cachoeira Dourada - Planalto, C1;CELG - GT - CELG GERAÇÃO E TRANSMISSÃO S/A;230,0;230 kV;EPE — Base Existente;2026-10-07
1900;LT 345 kV UHE Porto Colômbia - Volta Grande, C1;FURNAS - Furnas Centrais Elétricas S.A.;345,0;345 kV;EPE — Base Existente;2026-10-07
1901;LT 345 kV Estreito - UHE Luiz Carlos Barreto de Carvalho, C1;FURNAS - Furnas Centrais Elétricas S.A.;345,0;345 kV;EPE — Base Existente;2026-10-07
1902;LT 230 kV Farroupilha - Monte Claro, C2;ELETROSUL - ELETROSUL Centrais Elétricas S.A.;230,0;230 kV;EPE — Base Existente;2026-10-07
1903;LT 230 kV Figueira - Jaguariaíva, C1;COPEL-GT - COPEL GERAÇÃO E TRANSMISSÃO S.A;230,0;230 kV;EPE — Base Existente;2026-10-07
1904;LT 525 kV Candiota 2 - UTE Pampa Sul, C1;PAMPA SUL - USINA TERMELÉTRICA PAMPA SUL S.A.;525,0;525 kV;EPE — Base Existente;2026-10-07
1905;LT 230 kV Ourolândia II - Campo Formoso, C1;CHESF - CHESF - Companhia Hidro Elétrica do São Francisco;230,0;230 kV;EPE — Base Existente;2026-10-07
1906;LT 230 kV Guamá - Marituba, C2;ELETRONORTE - Centrais Elétricas do Norte do Brasil S/A;230,0;230 kV;EPE — Base Existente;2026-10-07
1907;LT 230 kV Abaiara - Milagres, C1;CHESF - CHESF - Companhia Hidro Elétrica do São Francisco;230,0;230 kV;EPE — Base Existente;2026-10-07
1908;LT 500 kV Campina Grande III - Pau Ferro, C1;RIALMA II - RIALMA TRANSMISSORA DE ENERGIA II S.A.;500,0;500 kV;EPE — Base Existente;2026-10-07
1909;LT 500 kV Açailândia - Marabá, C1;EATE - Empresa Amazonense de Transmissão de Energia S.A.;500,0;500 kV;EPE — Base Existente;2026-10-07
1910;LT 500 kV Camaçari IV - Sapeaçu, C1;MEZ 1 ENERGIA - MEZ 1 ENERGIA S.A.;500,0;500 kV;EPE — Base Existente;2026-10-07
1911;LT 230 kV UTE Euzébio da Rocha - Petrobrás Cubatão C1;PETROBRAS - Petroleo Brasileiro S.A;230,0;230 kV;EPE — Base Existente;2026-10-07
1912;LT 230 kV Assis - Londrina (Copel), C2;ELETROSUL - ELETROSUL Centrais Elétricas S.A.;230,0;230 kV;EPE — Base Existente;2026-10-07
1913;LT 345 kV UHE Furnas - Furnas, C6;Não informado;345,0;345 kV;EPE — Base Existente;2026-10-07
1914;LT 345 kV Pirapora 2 - UFV Lar do Sol, C1;-;345,0;345 kV;EPE — Base Existente;2026-10-07
1915;LT 345 kV Montes Claros 2 - Irapé, C1;TRANSLESTE - COMPANHIA TRANSLESTE DE TRANSMISSÃO;345,0;345 kV;EPE — Base Existente;2026-10-07
1916;LT 500 kV Xingó - Angelim II, C1;TAESA - TRANSMISSORA ALIANÇA DE ENERGIA ELÉTRICA S A;500,0;500 kV;EPE — Base Existente;2026-10-07
1917;LT 230 kV Eldorado do Sul - Porto Alegre 9, C1;CEEE GT - Companhia Estadual de Geração e Transmissão de Energia Elétrica;230,0;230 kV;EPE — Base Existente;2026-10-07
1918;LT 230 kV Açu III - Mossoró II, C1;CHESF - CHESF - Companhia Hidro Elétrica do São Francisco;230,0;230 kV;EPE — Base Existente;2026-10-07
1919;LT 500 kV Sobradinho - São João do Piauí, C1;CHESF - CHESF - Companhia Hidro Elétrica do São Francisco;500,0;500 kV;EPE — Base Existente;2026-10-07
1920;LT 500 kV Garanhuns II - Luiz Gonzaga, C2;IEG - INTERLIGAÇÃO ELÉTRICA GARANHUNS;500,0;500 kV;EPE — Base Existente;2026-10-07
1921;LT 500 kV Paulo Afonso IV - UHE Paulo Afonso IV, C1;CHESF - CHESF - Companhia Hidro Elétrica do São Francisco;500,0;500 kV;EPE — Base Existente;2026-10-07
1922;LT 230 kV Pau Ferro - UTE Pernambuco III, C1;UTE PERNAMBUCO III - TERMELÉTRICA PERNAMBUCO III S.A.;230,0;230 kV;EPE — Base Existente;2026-10-07
1923;LT 230 kV Jorge Lacerda B - UTE Jorge Lacerda B, C2;Não informado;230,0;230 kV;EPE — Base Existente;2026-10-07
1924;LT 525 kV Areia - Ivaiporã, C1;ELETROSUL - ELETROSUL Centrais Elétricas S.A.;525,0;525 kV;EPE — Base Existente;2026-10-07
1925;LT 230 kV Pólo Petroquímico - Masisa, C1;-;230,0;230 kV;EPE — Base Existente;2026-10-07
1926;LT 500 kV Itumbiara - Silvânia, C1;EXPANSION - Expansion Transmissão de Energia Elétrica S.A.;500,0;500 kV;EPE — Base Existente;2026-10-07
1927;LT 345 kV Adrianópolis - Itutinga, C2;FURNAS - Furnas Centrais Elétricas S.A.;345,0;345 kV;EPE — Base Existente;2026-10-07
1928;LT 230 kV Fortaleza - Fortaleza II, C2;CHESF - CHESF - Companhia Hidro Elétrica do São Francisco;230,0;230 kV;EPE — Base Existente;2026-10-07
1929;LT 230 kV Tucuruí - Altamira, C1;ELETRONORTE - Centrais Elétricas do Norte do Brasil S/A;230,0;230 kV;EPE — Base Existente;2026-10-07
1930;LT 440 kV Sumaré - Bom Jardim, C1;CTEEP - Companhia de Transmissão de Energia Elétrica Paulista;440,0;440 kV;EPE — Base Existente;2026-10-07
1931;LT 230 kV Itá - Xanxerê, C1 (CD);CPFL SUL I - CPFL TRANSMISSÃO DE ENERGIA SUL I LTDA.;230,0;230 kV;EPE — Base Existente;2026-10-07
1932;LT 230 kV Porto Alegre 6 - Porto Alegre 4, C1;CEEE GT - Companhia Estadual de Geração e Transmissão de Energia Elétrica;230,0;230 kV;EPE — Base Existente;2026-10-07
1933;LT 500 kV UHE Itaipu - Margem Direita, C1;ITAIPU - ITAIPU Binacional;500,0;500 kV;EPE — Base Existente;2026-10-07
1934;LT 230 kV Santo Ângelo - Santa Rosa 1, C2;TAESA - TRANSMISSORA ALIANÇA DE ENERGIA ELÉTRICA S A;230,0;230 kV;EPE — Base Existente;2026-10-07
1935;LT 500 kV Tucuruí - Vila do Conde, C2;ETEP - Empresa Paraense de Transmissáo de Energia S.A.;500,0;500 kV;EPE — Base Existente;2026-10-07
1936;LT 500 kV Curral Novo do Piauí II - Queimada Nova II, C1;SERTANEJA - TRANSMISSORA SERTANEJA DE ELETRICIDADE S A;500,0;500 kV;EPE — Base Existente;2026-10-07
1937;LT 230 kV Marituba - Utinga, C1;ELETRONORTE - Centrais Elétricas do Norte do Brasil S/A;230,0;230 kV;EPE — Base Existente;2026-10-07
1938;LT 500 kV Itabirito 2 - Vespasiano 2, C1;MARIANA TRANSMISSORA - MARIANA TRANSMISSORA DE ENERGIA ELETRICA S.A.;500,0;500 kV;EPE — Base Existente;2026-10-07
1939;LT 345 kV Gerdau Ouro Branco - Itabirito 2, C1;MANTIQUEIRA TRANSMIS - MANTIQUEIRA TRANSMISSORA DE ENERGIA S.A.;345,0;345 kV;EPE — Base Existente;2026-10-07
1940;LT 230 kV Rio das Éguas - Rio Grande II, C1;Não informado;230,0;230 kV;EPE — Base Existente;2026-10-07
1941;LT 230 kV Teresina II - Teresina, C2;CHESF - CHESF - Companhia Hidro Elétrica do São Francisco;230,0;230 kV;EPE — Base Existente;2026-10-07
1942;LT 230 kV Carcará II - Mossoró II, C1;CARCARÁ II - Usina de Energia Eólica Carcará II S.A.;230,0;230 kV;EPE — Base Existente;2026-10-07
1943;LT 230 kV Milagres - Coremas, C1;CHESF - CHESF - Companhia Hidro Elétrica do São Francisco;230,0;230 kV;EPE — Base Existente;2026-10-07
1944;LT 230 kV Salto Osório - UHE Salto Osório, C5;ELETROSUL - ELETROSUL Centrais Elétricas S.A.;230,0;230 kV;EPE — Base Existente;2026-10-07
1945;LT 345 kV Itapeti - Tijuco Preto, C3;FURNAS - Furnas Centrais Elétricas S.A.;345,0;345 kV;EPE — Base Existente;2026-10-07
1946;LT 230 kV Paulo Afonso II - Abaixadora, C1;Não informado;230,0;230 kV;EPE — Base Existente;2026-10-07
1947;LT 345 kV Marimbondo - Porto Colômbia, C1;FURNAS - Furnas Centrais Elétricas S.A.;345,0;345 kV;EPE — Base Existente;2026-10-07
1948;LT 230 kV Canoas 1 - Porto Alegre 9, C1;CEEE GT - Companhia Estadual de Geração e Transmissão de Energia Elétrica;230,0;230 kV;EPE — Base Existente;2026-10-07
1949;LT 230 kV Pecém II - Companhia Siderúrgica do Pecém, C2;-;230,0;230 kV;EPE — Base Existente;2026-10-07
1950;LT 230 kV Oriximiná - Juruti, C1 (CD);PARINTINS AMAZONAS - PARINTINS AMAZONAS TRANSMISSORA DE ENERGIA S.A.;230,0;230 kV;EPE — Base Existente;2026-10-07
1951;LT 230 kV Tacaimbó - Campina Grande II, C2;CHESF - CHESF - Companhia Hidro Elétrica do São Francisco;230,0;230 kV;EPE — Base Existente;2026-10-07
1952;LT 230 kV Ariquemes - Jaru, C1;ELETRONORTE - Centrais Elétricas do Norte do Brasil S/A;230,0;230 kV;EPE — Base Existente;2026-10-07
1953;LT 500 kV UHE Itumbiara - Itumbiara, C1;Não informado;500,0;500 kV;EPE — Base Existente;2026-10-07
1954;LT 230 kV Passo Fundo - Santa Marta, C1;CEEE GT - Companhia Estadual de Geração e Transmissão de Energia Elétrica;230,0;230 kV;EPE — Base Existente;2026-10-07
1955;LT 345 kV Embu-Guaçu - Sul, C1;CTEEP - Companhia de Transmissão de Energia Elétrica Paulista;345,0;345 kV;EPE — Base Existente;2026-10-07
1956;LT 500 kV UHE Marimbondo - Marimbondo, C2;Não informado;500,0;500 kV;EPE — Base Existente;2026-10-07
1957;LT 345 kV Guarulhos - Poços de Caldas, C1;FURNAS - Furnas Centrais Elétricas S.A.;345,0;345 kV;EPE — Base Existente;2026-10-07
1958;LT 230 kV Brasilia Geral - Brasilia Sul, C2;FURNAS - Furnas Centrais Elétricas S.A.;230,0;230 kV;EPE — Base Existente;2026-10-07
1959;LT 230 kV Baixo Iguaçu - UHE Baixo Iguaçu, C1;Não informado;230,0;230 kV;EPE — Base Existente;2026-10-07
1960;LT 230 kV Foz do Chapecó - Pinhalzinho 2, C2;Não informado;230,0;230 kV;EPE — Base Existente;2026-10-07
1961;LT 230 kV São Roque - UHE São Roque, C3;Não informado;230,0;230 kV;EPE — Base Existente;2026-10-07
1962;LT 230 kV Pedra Cheirosa - Icaraizinho, C1;-;230,0;230 kV;EPE — Base Existente;2026-10-07
1963;LT 230 kV Cauípe - Fortaleza II, C3;CHESF - CHESF - Companhia Hidro Elétrica do São Francisco;230,0;230 kV;EPE — Base Existente;2026-10-07
1964;LT 230 kV Bom Nome - Tacaratu, C1;CHESF - CHESF - Companhia Hidro Elétrica do São Francisco;230,0;230 kV;EPE — Base Existente;2026-10-07
1965;LT 500 kV Adrianópolis - Grajaú, C1;FURNAS - Furnas Centrais Elétricas S.A.;500,0;500 kV;EPE — Base Existente;2026-10-07
1966;LT 230 kV Niquelândia - Votorantim Metais Níquel C1;-;230,0;230 kV;EPE — Base Existente;2026-10-07
1967;LT 500 kV Bom Despacho 3 - Jaguara, C1;CEMIG GT - CEMIG GERAÇÃO E TRANSMISSÃO S.A;500,0;500 kV;EPE — Base Existente;2026-10-07
1968;LT 230 kV Curitiba Leste - Uberaba, C1;COPEL-GT - COPEL GERAÇÃO E TRANSMISSÃO S.A;230,0;230 kV;EPE — Base Existente;2026-10-07
1969;LT 230 kV Curitiba - São Mateus do Sul, C1;ELETROSUL - ELETROSUL Centrais Elétricas S.A.;230,0;230 kV;EPE — Base Existente;2026-10-07
1970;LT 230 kV Vila do Conde - Guamá, C1;ELETRONORTE - Centrais Elétricas do Norte do Brasil S/A;230,0;230 kV;EPE — Base Existente;2026-10-07
1971;LT 230 kV Farroupilha - Scharlau 2, C1;CEEE GT - Companhia Estadual de Geração e Transmissão de Energia Elétrica;230,0;230 kV;EPE — Base Existente;2026-10-07
1972;LT 500 kV Bacabeira - Parnaíba III, C1;ARGO - Argo Transmissão de Energia SA;500,0;500 kV;EPE — Base Existente;2026-10-07
1973;LT 500 kV Bacabeira - Miranda II, C2;ELETRONORTE - Centrais Elétricas do Norte do Brasil S/A;500,0;500 kV;EPE — Base Existente;2026-10-07
1974;LT 440 kV Bauru - Oeste, C1;CTEEP - Companhia de Transmissão de Energia Elétrica Paulista;440,0;440 kV;EPE — Base Existente;2026-10-07
1975;LT 230 kV Governador Mangabeira - Sapeaçu, C1;CHESF - CHESF - Companhia Hidro Elétrica do São Francisco;230,0;230 kV;EPE — Base Existente;2026-10-07
1976;LT 500 kV Lajeado - Miracema, C1;MIRACEMA - MIRACEMA TRANSMISSORA DE ENERGIA ELETRICA S/A;500,0;500 kV;EPE — Base Existente;2026-10-07
1977;LT 230 kV São Luís II - São Luís IV, C1;EDP MA I - EDP TRANSMISSAO MA I S.A.;230,0;230 kV;EPE — Base Existente;2026-10-07
1978;LT 230 kV Sorriso II - Sorriso, C1;ELETRONORTE - Centrais Elétricas do Norte do Brasil S/A;230,0;230 kV;EPE — Base Existente;2026-10-07
1979;LT 230 kV Bom Jesus II - Gilbués II, C1;SPEDRO - SAO PEDRO TRANSMISSORA DE ENERGIA S/A;230,0;230 kV;EPE — Base Existente;2026-10-07
1980;LT 230 kV Itabaiana - Jardim, C2;CHESF - CHESF - Companhia Hidro Elétrica do São Francisco;230,0;230 kV;EPE — Base Existente;2026-10-07
1981;LT 230 kV UHE Samuel - Samuel, C2;ELETRONORTE - Centrais Elétricas do Norte do Brasil S/A;230,0;230 kV;EPE — Base Existente;2026-10-07
1982;LT 500 kV Teles Pires - UHE Teles Pires, C2;Não informado;0,0;Não informada / revisar;EPE — Base Existente;2026-10-07
1983;LT 500 kV Itumbiara - Marimbondo, C1;ETIM - Expansion Transmissão Itumbiara Marimbondo S/A.;500,0;500 kV;EPE — Base Existente;2026-10-07
1984;LT 345 kV Estreito - Mascarenhas de Moraes, C1;FURNAS - Furnas Centrais Elétricas S.A.;345,0;345 kV;EPE — Base Existente;2026-10-07
1985;LT 500 kV Teresina II - Presidente Dutra, C1;CHESF - CHESF - Companhia Hidro Elétrica do São Francisco;500,0;500 kV;EPE — Base Existente;2026-10-07
1986;LT 500 kV Santo Agostinho - Monte Verde, C1;-;500,0;500 kV;EPE — Base Existente;2026-10-07
1987;LT 230 kV Goianinha - Campina Grande II, C1;CHESF - CHESF - Companhia Hidro Elétrica do São Francisco;230,0;230 kV;EPE — Base Existente;2026-10-07
1988;LT 230 kV Santa Mônica - Pilarzinho, C1;COPEL-GT - COPEL GERAÇÃO E TRANSMISSÃO S.A;230,0;230 kV;EPE — Base Existente;2026-10-07
1989;LT 230 kV Brasilia Geral - Brasilia Sul, C3;VSBTE - VALE DO SAO BARTOLOMEU TRANSMISSORA DE ENERGIA S.A.;230,0;230 kV;EPE — Base Existente;2026-10-07
1990;LT 500 kV UHE Emborcação - Emborcação, C3;Não informado;500,0;500 kV;EPE — Base Existente;2026-10-07
1991;LT 230 kV Paulo Afonso III - UHE Paulo Afonso II, C1;CHESF - CHESF - Companhia Hidro Elétrica do São Francisco;230,0;230 kV;EPE — Base Existente;2026-10-07
1992;LT 230 kV Camaçari IV - Pirajá, C2 (CD);Não informado;230,0;230 kV;EPE — Base Existente;2026-10-07
1993;LT 230 kV Termobahia - Jacaracanga, C1;PETROBRAS - Petroleo Brasileiro S.A;230,0;230 kV;EPE — Base Existente;2026-10-07
1994;LT 230 kV Mata Norte - FIAT, C2 (CD);-;230,0;230 kV;EPE — Base Existente;2026-10-07
1995;LT 230 kV Venezuela - Boa Vista, C1;-;230,0;230 kV;EPE — Base Existente;2026-10-07
1996;LT 500 kV Marimbondo - Água Vermelha, C1;FURNAS - Furnas Centrais Elétricas S.A.;500,0;500 kV;EPE — Base Existente;2026-10-07
1997;LT 230 kV Foz do Chapecó - Xanxerê, C2;Não informado;230,0;230 kV;EPE — Base Existente;2026-10-07
1998;LT 230 kV Gaspar 2 - Palhoça, C1;ELETROSUL - ELETROSUL Centrais Elétricas S.A.;230,0;230 kV;EPE — Base Existente;2026-10-07
1999;LT 525 kV Marmeleiro 2 - Povo Novo, C1;TSLE - TRANSMISSORA SUL LITORÂNEA DE ENERGIA S.A.;525,0;525 kV;EPE — Base Existente;2026-10-07
2000;LT 500 kV Marituba - Tucuruí, C1;MARITUBA - MARITUBA TRANSMISSÃO DE ENERGIA S.A.;500,0;500 kV;EPE — Base Existente;2026-10-07
2001;LT 500 kV Serra da Mesa 2 - Rio das Éguas, C1;TAESA - TRANSMISSORA ALIANÇA DE ENERGIA ELÉTRICA S A;500,0;500 kV;EPE — Base Existente;2026-10-07
2002;LT 230 kV UHE Sobradinho - Juazeiro II, C1;CHESF - CHESF - Companhia Hidro Elétrica do São Francisco;230,0;230 kV;EPE — Base Existente;2026-10-07
2003;LT 440 kV Embu-Guaçu - Solvay, C1;CTEEP - Companhia de Transmissão de Energia Elétrica Paulista;440,0;440 kV;EPE — Base Existente;2026-10-07
2004;LT 230 kV Itabira 2 - João Monlevade 4, C1;CEMIG GT - CEMIG GERAÇÃO E TRANSMISSÃO S.A.;230,0;230 kV;EPE — Base Existente;2026-10-07
2005;LT 500 kV Presidente Dutra - Santo Antonio dos Lopes, C1;ELETRONORTE - Centrais Elétricas do Norte do Brasil S/A;500,0;500 kV;EPE — Base Existente;2026-10-07
2006;LT 500 kV Oriximiná - Silves, C1;MANAUS TR - MANAUS TRANSMISSORA DE ENERGIA S.A;500,0;500 kV;EPE — Base Existente;2026-10-07
2007;LT 230 kV Balbina - Presidente Figueiredo, C1;ENERGISA AMAZONAS TRANSMISSORA DE ENERGIA S.A.;230,0;230 kV;EPE — Base Existente;2026-10-07
2008;LT 500 kV Gilbués II - Miracema, C3;JALAPÃO - NEOENERGIA JALAPÃO TRANSMISSÃO DE ENERGIA S/A;500,0;500 kV;EPE — Base Existente;2026-10-07
2009;LT 230 kV Bom Nome - Milagres, C1;CHESF - CHESF - Companhia Hidro Elétrica do São Francisco;230,0;230 kV;EPE — Base Existente;2026-10-07
2010;LT 230 kV UHE Foz do Chapecó -  Foz do Chapecó, C1;Não informado;230,0;230 kV;EPE — Base Existente;2026-10-07
2011;LT 230 kV Abdon Batista - Lages, C2;STC - STC - Sistema de Transmissão Catarinense S.A.;230,0;230 kV;EPE — Base Existente;2026-10-07
2012;LT 765 kV Foz do Iguaçu - Ivaiporã, C3;Furnas Centrais Elétricas S.A.;765,0;765 kV;EPE — Base Existente;2026-10-07
2013;LT 230 kV Abdon Batista - Barra Grande, C3;Não informado;230,0;230 kV;EPE — Base Existente;2026-10-07
2014;LT 500 kV Jaguara - São Simão, C1;CEMIG GT - CEMIG GERAÇÃO E TRANSMISSÃO S.A;500,0;500 kV;EPE — Base Existente;2026-10-07
2015;LT 230 kV Cabreúva - Edgard Souza, C4;CTEEP - Companhia de Transmissão de Energia Elétrica Paulista;230,0;230 kV;EPE — Base Existente;2026-10-07
2016;LT 345 kV Baixada Santista - Sul, C1;CTEEP - Companhia de Transmissão de Energia Elétrica Paulista;345,0;345 kV;EPE — Base Existente;2026-10-07
2017;LT 230 kV Cotegipe - Gerdau Usiba, C1;CHESF - CHESF - Companhia Hidro Elétrica do São Francisco;230,0;230 kV;EPE — Base Existente;2026-10-07
2018;LT 500 kV Igaporã III - Serra das Almas II, C1;EQUATORIAL 4 - Equatorial Transmissora 4 SPE SA;500,0;500 kV;EPE — Base Existente;2026-10-07
2019;LT 500 kV Paracatu 4 - Emborcação, C1;SMTE - Serra da Mesa Transmissora de Energia S/A.;500,0;500 kV;EPE — Base Existente;2026-10-07
2020;LT 230 kV Candelária 2 - Itaúba, C1;CEEE GT - Companhia Estadual de Geração e Transmissão de Energia Elétrica;230,0;230 kV;EPE — Base Existente;2026-10-07
2021;LT 230 kV Campo Bom - Caxias, C2;CEEE GT - Companhia Estadual de Geração e Transmissão de Energia Elétrica;230,0;230 kV;EPE — Base Existente;2026-10-07
2022;LT 500 kV Garabi I - Rincón de Santa Maria, C1;-;500,0;500 kV;EPE — Base Existente;2026-10-07
2023;LT 525 kV Santo Angelo - Itá, C1;CIEN - Companhia de Interconexão Energética;525,0;525 kV;EPE — Base Existente;2026-10-07
2024;LT 230 kV Ibiapina II - Piripiri, C1;CHESF - CHESF - Companhia Hidro Elétrica do São Francisco;230,0;230 kV;EPE — Base Existente;2026-10-07
2025;LT 500 kV Lagoa dos Ventos III - Queimada Nova II, C1;Não informado;500,0;500 kV;EPE — Base Existente;2026-10-07
2026;LT 230 kV Itapaci - Barro Alto, C1;CELG - GT - CELG GERAÇÃO E TRANSMISSÃO S/A;230,0;230 kV;EPE — Base Existente;2026-10-07
2027;LT 230 kV Itiquira - UHE Itiquira 1, C2;-;230,0;230 kV;EPE — Base Existente;2026-10-07
2028;LT 440 kV Bracell - Oeste, C1;CTEEP - Companhia de Transmissão de Energia Elétrica Paulista;440,0;440 kV;EPE — Base Existente;2026-10-07
2029;LT 440 kV Piracicaba - Santa Bárbara D'Oeste, C1;CTEEP - Companhia de Transmissão de Energia Elétrica Paulista;440,0;440 kV;EPE — Base Existente;2026-10-07
2030;LT 230 kV Salto Osório - Pato Branco, C1;ELETROSUL - ELETROSUL Centrais Elétricas S.A.;230,0;230 kV;EPE — Base Existente;2026-10-07
2031;LT 230 kV Itabaianinha - Catu, C1;CHESF - CHESF - Companhia Hidro Elétrica do São Francisco;230,0;230 kV;EPE — Base Existente;2026-10-07
2032;LT 230 kV Santana do Araguaia - Xinguara II, C1 (CD);ENERGISA PARÁ - ENERGISA PARÁ TRANSMISSORA DE ENERGIA I SA;230,0;230 kV;EPE — Base Existente;2026-10-07
2033;LT 500 kV Gurupi - Miracema, C3;INTESA - INTEGRAÇAO TRANSMISSORA DE ENERGIA S.A;500,0;500 kV;EPE — Base Existente;2026-10-07
2034;LT 230 kV Marabá - Marabá (Celpa)  C1;-;230,0;230 kV;EPE — Base Existente;2026-10-07
2035;LT 230 kV Caetité Norte - Igaporã III, C1;Não informado;230,0;230 kV;EPE — Base Existente;2026-10-07
2036;LT 230 kV Pontal - Viamão 3, C1;ENERPLAN IV - Enerplan Energia Eolica IV S.A.;230,0;230 kV;EPE — Base Existente;2026-10-07
2037;LT 230 kV Gravataí 2 - Jardim Botânico, C1;TESB - TRANSMISSORA DE ENERGIA SUL BRASIL;230,0;230 kV;EPE — Base Existente;2026-10-07
2038;LT 230 kV Extremoz II - Riachão C1;EOL ACARI - Central Eólica Acari Ltda;230,0;230 kV;EPE — Base Existente;2026-10-07
2039;LT 230 kV Jaguaruana II - Mossoró IV, C2 (CD);Não informado;230,0;230 kV;EPE — Base Existente;2026-10-07
2040;Ramal LT 230 kV Coelho Neto - Peritoró C1 - SE Schincariol C1;-;230,0;230 kV;EPE — Base Existente;2026-10-07
2041;LT 500 kV Angelim II - Suape II, C1;CHESF - CHESF - Companhia Hidro Elétrica do São Francisco;500,0;500 kV;EPE — Base Existente;2026-10-07
2042;LT 230 kV Paulo Afonso III - UHE Paulo Afonso III, C3;CHESF - CHESF - Companhia Hidro Elétrica do São Francisco;230,0;230 kV;EPE — Base Existente;2026-10-07
2043;LT 230 kV Monte Claro - Nova Prata 2, C2;ELETROSUL - ELETROSUL Centrais Elétricas S.A.;230,0;230 kV;EPE — Base Existente;2026-10-07
2044;LT 230 kV Santa Marta - Tapera 2, C1;CEEE GT - Companhia Estadual de Geração e Transmissão de Energia Elétrica;230,0;230 kV;EPE — Base Existente;2026-10-07
2045;LT 230 kV Anhanguera - Edgard Souza, C1;CTEEP - Companhia de Transmissão de Energia Elétrica Paulista;230,0;230 kV;EPE — Base Existente;2026-10-07
2046;LT 230 kV Lorena - Santa Cabeça, C2;CTEEP - Companhia de Transmissão de Energia Elétrica Paulista;230,0;230 kV;EPE — Base Existente;2026-10-07
2047;LT 230 kV Scharlau - Scharlau 2, C2;CEEE GT - Companhia Estadual de Geração e Transmissão de Energia Elétrica;230,0;230 kV;EPE — Base Existente;2026-10-07
2048;LT 230 kV Passo Fundo - Vila Maria, C2;CGT ELETROSUL - COMPANHIA DE GERAÇÃO E TRANSMISSÃO DE ENERGIA ELÉTRICA DO SUL D;230,0;230 kV;EPE — Base Existente;2026-10-07
2049;LT 230 kV Guaíra - Umuarama Sul, C1;CAIUÁ TRANSMISSORA - CAIUÁ TRANSMISSORA DE ENERGIA S.A;230,0;230 kV;EPE — Base Existente;2026-10-07
2050;LT 345 kV Ibiúna - Sul, C1;FURNAS - Furnas Centrais Elétricas S.A.;345,0;345 kV;EPE — Base Existente;2026-10-07
2051;LT 440 kV Embu-Guaçu - Jandira, C1;CTEEP - Companhia de Transmissão de Energia Elétrica Paulista;440,0;440 kV;EPE — Base Existente;2026-10-07
2052;LT 230 kV Jorge Teixeira - Lechuga, C1;ELETRONORTE - Centrais Elétricas do Norte do Brasil S/A;230,0;230 kV;EPE — Base Existente;2026-10-07
2053;LT 500 kV Açu III - Milagres II, C2;GIOVANNI - GIOVANNI SANGUINETTI TRANSMISSORA DE ENERGIA S A;500,0;500 kV;EPE — Base Existente;2026-10-07
2054;LT 230 kV Acaraú II - Sobral III, C2;CHESF - CHESF - Companhia Hidro Elétrica do São Francisco;230,0;230 kV;EPE — Base Existente;2026-10-07
2055;LT 230 kV Messias - Rio Largo II, C4;TRANSMISSORA RIO LARGO SPE S.A.;230,0;230 kV;EPE — Base Existente;2026-10-07
2056;LT 500 kV Bom Despecho 3 - Ouro Preto 2, C1;FURNAS - Furnas Centrais Elétricas S.A.;500,0;500 kV;EPE — Base Existente;2026-10-07
2057;LT 230 kV Santo Antônio de Jesus - Funil, C1;CHESF - CHESF - Companhia Hidro Elétrica do São Francisco;230,0;230 kV;EPE — Base Existente;2026-10-07
2058;LT 345 kV São Gortado 2 - Três Marias, C1;CEMIG GT - CEMIG GERAÇÃO E TRANSMISSÃO S.A;345,0;345 kV;EPE — Base Existente;2026-10-07
2059;LT 230 kV Caetite 1, 2 e 3 - Igaporã II, C1;CAETITÉ 2 - Caetité 2 Energia Renovável S.A.;230,0;230 kV;EPE — Base Existente;2026-10-07
2060;LT 230 kV Anastácio - Sidrolândia 2, C1;BRILHANTE - Brilhante Transmissora de Energia Ltda;230,0;230 kV;EPE — Base Existente;2026-10-07
2061;LT 230 kV Assis - Paraguaçu Paulista 2, C1;COPEL-GT - COPEL GERAÇÃO E TRANSMISSÃO S.A;230,0;230 kV;EPE — Base Existente;2026-10-07
2062;LT 440 kV Bom Jardim - Fernão Dias, C1;CTEEP - Companhia de Transmissão de Energia Elétrica Paulista;440,0;440 kV;EPE — Base Existente;2026-10-07
2063;LT 230 kV Itagibá - Mineração Mirabela C1;-;230,0;230 kV;EPE — Base Existente;2026-10-07
2064;LT 500 kV Olindina - Camaçari II, C2;CHESF - CHESF - Companhia Hidro Elétrica do São Francisco;500,0;500 kV;EPE — Base Existente;2026-10-07
2065;LT 230 kV Jacaracanga - Alunordeste, C1;CHESF - CHESF - Companhia Hidro Elétrica do São Francisco;230,0;230 kV;EPE — Base Existente;2026-10-07
2066;LT 230 kV Itabira 2 - Itabira 5, C1;CEMIG GT - CEMIG GERAÇÃO E TRANSMISSÃO S.A;230,0;230 kV;EPE — Base Existente;2026-10-07
2067;LT 500 kV Mutum - Rio Novo do Sul, C1;CAMINHO DO CAFÉ - TCC TRANSMISSORA CAMINHO DO CAFÉ S A;500,0;500 kV;EPE — Base Existente;2026-10-07
2068;LT 500 kV UTE Nova Venécia 2 - Parnaíba, C1;Não informado;500,0;500 kV;EPE — Base Existente;2026-10-07
2069;LT 230 kV São Luís II - São Luís I, C2;ELETRONORTE - Centrais Elétricas do Norte do Brasil S/A;230,0;230 kV;EPE — Base Existente;2026-10-07
2070;LT 500 kV Complexo Futura - Futura, C1;Não informado;500,0;500 kV;EPE — Base Existente;2026-10-07
2071;LT 230 kV Tanque Novo - Igaporã III, C1;-;230,0;230 kV;EPE — Base Existente;2026-10-07
2072;LT 230 kV Itacaiúnas - Carajás, C2;ATE III - ATE III TRANSMISSORA DE ENERGIA S.A.;230,0;230 kV;EPE — Base Existente;2026-10-07
2073;LT 230 kV Livramento 3 - Santa Maria 3, C1;TRANSMISSORA ALIANÇA DE ENERGIA ELÉTRICA S A;230,0;230 kV;EPE — Base Existente;2026-10-07
2074;LT 230 kV Maringá - Sarandi, C1;COPEL-GT - COPEL GERAÇÃO E TRANSMISSÃO S.A;230,0;230 kV;EPE — Base Existente;2026-10-07
2075;LT 230 kV Curral Novo do Piauí II - São Basílio, C2;EOL BRITE - Central Eólica Brite Ltda;230,0;230 kV;EPE — Base Existente;2026-10-07
2076;LT 230 kV Abreu e Lima - Suape II, C2;RNEST - Refinaria Abreu e Lima SA RNEST;230,0;230 kV;EPE — Base Existente;2026-10-07
2077;LT 230 kV Imperatriz - Siderúrgica Aço Verde, C1;-;230,0;230 kV;EPE — Base Existente;2026-10-07
2078;LT 230 kV Barra dos Coqueiros - UHE Barra dos Coqueiros, C1;GERDAU SA - Gerdau Acos Longos SA;230,0;230 kV;EPE — Base Existente;2026-10-07
2079;LT 500 kV São Simão - UHE São Simão, C5;CEMIG GT - CEMIG GERAÇÃO E TRANSMISSÃO S.A;500,0;500 kV;EPE — Base Existente;2026-10-07
2080;LT 230 kV Baguari - UHE Baguari, C1;BAGUARI I GERAÇÃO;230,0;230 kV;EPE — Base Existente;2026-10-07
2081;LT 230 kV Cabreúva - CBA 1, C1;-;230,0;230 kV;EPE — Base Existente;2026-10-07
2082;LT 345 kV Furnas - Pimenta C2;CENTROESTE DE MINAS - COMPANHIA DE TRANSMISSÃO CENTROESTE DE MINAS;345,0;345 kV;EPE — Base Existente;2026-10-07
2083;LT 345 kV Itutinga (Furnas) - Itutinga (Cemig), C1;FURNAS - Furnas Centrais Elétricas S.A.;345,0;345 kV;EPE — Base Existente;2026-10-07
2084;LT 800 kV CC Xingu - Terminal Rio, C1;XRTE - XINGU RIO TRANSMISSORA DE ENERGIA S.A.;800,0;800 kV;EPE — Base Existente;2026-10-07
2085;LT 230 kV Rondonópolis - Coxipó, C1;ELETRONORTE - Centrais Elétricas do Norte do Brasil S/A;230,0;230 kV;EPE — Base Existente;2026-10-07
2086;LT 230 kV Integradora - Onça Puma, C1;VALE - Vale S.A.;230,0;230 kV;EPE — Base Existente;2026-10-07
2087;LT 230 kV Nobres - Nova Mutum, C1;ELETRONORTE - Centrais Elétricas do Norte do Brasil S/A;230,0;230 kV;EPE — Base Existente;2026-10-07
2088;LT 230 kV Edgard Souza - Toyota, C1;CTEEP - Companhia de Transmissão de Energia Elétrica Paulista;230,0;230 kV;EPE — Base Existente;2026-10-07
2089;LT 345 kV Jacarepaguá - Nova Iguaçu, C1;FURNAS - Furnas Centrais Elétricas S.A.;345,0;345 kV;EPE — Base Existente;2026-10-07
2090;LT 230 kV Capivari do Sul - Viamão 3, C1;PAMPA TRANSMISSORA - PAMPA TRANSMISSÃO DE ENERGIA S.A.;230,0;230 kV;EPE — Base Existente;2026-10-07
2091;LT 230 kV Cascavel Oeste - Cascavel, C1;ELETROSUL - ELETROSUL Centrais Elétricas S.A.;230,0;230 kV;EPE — Base Existente;2026-10-07
2092;LT 132 kV Conversora Uruguaiana - Paso de Los Libres, C1;ELETROSUL - ELETROSUL Centrais Elétricas S.A.;132,0;132 kV;EPE — Base Existente;2026-10-07
2093;LT 500 kV Santa Luzia II - Campina Grande III, C1;SANTA LUZIA - NEOENERGIA SANTA LUZIA TRANSMISSÃO DE ENERGIA S/A;500,0;500 kV;EPE — Base Existente;2026-10-07
2094;LT 345 kV João Neiva 2 - Viana 2, C1;IE ITAÚNAS - INTERLIGAÇÃO ELÉTRICA ITAÚNAS S.A.;345,0;345 kV;EPE — Base Existente;2026-10-07
2095;LT 230 kV Crato II - Milagres, C1;CHESF - CHESF - Companhia Hidro Elétrica do São Francisco;230,0;230 kV;EPE — Base Existente;2026-10-07
2096;LT 230 kV Paraíso - Açu II, C3;CHESF - CHESF - Companhia Hidro Elétrica do São Francisco;230,0;230 kV;EPE — Base Existente;2026-10-07
2097;LT 230 kV Itagibá - Poções II, C1;AFLUENTE TRANSMISSÃO - Afluente Transmissão de Energia Elétrica SA;230,0;230 kV;EPE — Base Existente;2026-10-07
2098;LT 230 kV Crato II - Tauá II, C1;CHESF - CHESF - Companhia Hidro Elétrica do São Francisco;230,0;230 kV;EPE — Base Existente;2026-10-07
2099;LT 500 kV Medeiros Neto II - João Neiva 2, C1;Não informado;500,0;500 kV;EPE — Base Existente;2026-10-07
2100;LT 500 kV GNA II - Campos 2, C2;UTE GNA II GERACAO DE ENERGIA S.A.;500,0;500 kV;EPE — Base Existente;2026-10-07
2101;LT 500 kV GNA II - Campos 2, C1;UTE GNA II GERACAO DE ENERGIA S.A.;500,0;500 kV;EPE — Base Existente;2026-10-07
2102;LT 230 kV Camaçari IV - Pituaçu, C1;CHESF - CHESF - Companhia Hidro Elétrica do São Francisco;230,0;230 kV;EPE — Base Existente;2026-10-07
2103;LT 230 kV Camaçari II - Braskem, C1;-;230,0;230 kV;EPE — Base Existente;2026-10-07
2104;LT 230 kV Camaçari II - Braskem, C2;-;230,0;230 kV;EPE — Base Existente;2026-10-07
2105;LT 230 kV Camaçari II - CQR, C1;-;230,0;230 kV;EPE — Base Existente;2026-10-07
2106;LT 230 kV Camaçari II - Pituaçu, C2;CHESF - CHESF - Companhia Hidro Elétrica do São Francisco;230,0;230 kV;EPE — Base Existente;2026-10-07
2107;LT 230 kV Camaçari IV - Cotegipe, C1;CHESF - CHESF - Companhia Hidro Elétrica do São Francisco;230,0;230 kV;EPE — Base Existente;2026-10-07
2108;LT 230 kV Medeiros Neto II - Teixeira de Freitas II, C1;Não informado;230,0;230 kV;EPE — Base Existente;2026-10-07
2109;LT 500 kV UHE Colider - Colíder, C2;Não informado;500,0;500 kV;EPE — Base Existente;2026-10-07
2110;LT 500 kV Jandaíra II - João Camara III, C1;ESPERANZA - ESPERANZA TRANSMISSORA DE ENERGIA S.A.;500,0;500 kV;EPE — Base Existente;2026-10-07
2111;LT 230 kV Medeiros Neto II - Teixeira de Freitas II, C2;Não informado;230,0;230 kV;EPE — Base Existente;2026-10-07
2112;LT 500 kV UHE Colider - Colíder, C1;Não informado;500,0;500 kV;EPE — Base Existente;2026-10-07
2113;LT 500 kV UHE Colider - Colíder, C3;Não informado;500,0;500 kV;EPE — Base Existente;2026-10-07
2114;LT 500 kV Jandaíra II - Monte Verde, C1;ESPERANZA - ESPERANZA TRANSMISSORA DE ENERGIA S.A.;500,0;500 kV;EPE — Base Existente;2026-10-07
2115;LT 230 kV Vila do Conde - Albras, C2;-;230,0;230 kV;EPE — Base Existente;2026-10-07
2116;LT 230 kV Vila do Conde - Albras, C1;-;230,0;230 kV;EPE — Base Existente;2026-10-07
2117;LT 230 kV Albras - Alunorte, C1;-;230,0;230 kV;EPE — Base Existente;2026-10-07
2118;LT 230 kV UHE Manso - Manso, C2;Não informado;230,0;230 kV;EPE — Base Existente;2026-10-07
2119;LT 230 kV Rio das Éguas - Rio Formoso II, C2;RIO FORMOSO - NEOENERGIA RIO FORMOSO TRANSMISSAO E ENERGIA S.A.;230,0;230 kV;EPE — Base Existente;2026-10-07
2120;LT 500 kV UHE Nova Ponte - Nova Ponte, C2;Não informado;500,0;500 kV;EPE — Base Existente;2026-10-07
2121;LT 500 kV UHE Nova Ponte - Nova Ponte, C3;Não informado;500,0;500 kV;EPE — Base Existente;2026-10-07
2122;LT 230 kV UFV Bom Jardim - Icó, C1;Não informado;230,0;230 kV;EPE — Base Existente;2026-10-07
2123;LT 230 kV UTE Novo Tempo Barcarena - Vila do Conde, C1;Não informado;230,0;230 kV;EPE — Base Existente;2026-10-07
2124;LT 230 kV Rio das Éguas - Rio Formoso II, C1;RIO FORMOSO - NEOENERGIA RIO FORMOSO TRANSMISSAO E ENERGIA S.A.;230,0;230 kV;EPE — Base Existente;2026-10-07
2125;LT 230 kV UHE Manso - Manso, C4;Não informado;230,0;230 kV;EPE — Base Existente;2026-10-07
2126;LT 230 kV UHE Manso - Manso, C3;Não informado;230,0;230 kV;EPE — Base Existente;2026-10-07
2127;LT 500 kV UHE Nova Ponte - Nova Ponte, C1;Não informado;500,0;500 kV;EPE — Base Existente;2026-10-07
2128;LT 230 kV UHE Manso - Manso, C1;Não informado;230,0;230 kV;EPE — Base Existente;2026-10-07
2129;LT 345 kV Miguel Reale - São Caetano do Sul, C2;Não informado;345,0;345 kV;EPE — Base Existente;2026-10-07
2130;LT 345 kV Miguel Reale - São Caetano do Sul, C1;Não informado;345,0;345 kV;EPE — Base Existente;2026-10-07
2131;LT 345 kV Sul - São Caetano do Sul, C2;Não informado;345,0;345 kV;EPE — Base Existente;2026-10-07
2132;LT 345 kV Sul - São Caetano do Sul, C1;Não informado;345,0;345 kV;EPE — Base Existente;2026-10-07
2133;LT 500 kV Vista Alegre - Janaúba 3, C1;Não informado;500,0;500 kV;EPE — Base Existente;2026-10-07
2134;LT 500 kV Janaúba 6 - Janaúba 3, C1;Não informado;500,0;500 kV;EPE — Base Existente;2026-10-07
2135;LT 500 kV Janaúba 6 - Janaúba 3, C2;Não informado;500,0;500 kV;EPE — Base Existente;2026-10-07
2136;LT 500 kV Itumbiara - Nova Ponte 3, C1;LTT - LT Triângulo S.A.;500,0;500 kV;EPE — Base Existente;2026-10-07
2137;LT 500 kV Nova Ponte 3 - Nova Ponte, C1;LTT - LT Triângulo S.A.;500,0;500 kV;EPE — Base Existente;2026-10-07
2138;LT 500 kV UFV Panorama - Ribeiro Gonçalves, C1;Não informado;500,0;500 kV;EPE — Base Existente;2026-10-07
2139;LT 230 kV Mauriti II - Milagres, C1;CHESF - CHESF - Companhia Hidro Elétrica do São Francisco;230,0;230 kV;EPE — Base Existente;2026-10-07
2140;LT 230 kV Edgard Souza - Scala III, C2;CTEEP - Companhia de Transmissão de Energia Elétrica Paulista;230,0;230 kV;EPE — Base Existente;2026-10-07
2141;LT 230 kV Jaraguá do Sul - Joinville Sul, C2;ELETROSUL - ELETROSUL Centrais Elétricas S.A.;230,0;230 kV;EPE — Base Existente;2026-10-07
2142;LT 230 kV Jaraguá do Sul - Joinville Sul, C1;ELETROSUL - ELETROSUL Centrais Elétricas S.A.;230,0;230 kV;EPE — Base Existente;2026-10-07
2143;LT 230 kV Barreiras - Rio Grande II, C2;SPEDRO - SAO PEDRO TRANSMISSORA DE ENERGIA S/A;230,0;230 kV;EPE — Base Existente;2026-10-07
2144;LT 500 kV Açailândia - Santa Luzia III, C1;IMTE - INTEGRAÇÃO MARANHENSE TRANSMISSORA DE ENERGIA S.A;500,0;500 kV;EPE — Base Existente;2026-10-07
2145;LT 500 kV Santa Luzia III - Miranda II, C1;IMTE - INTEGRAÇÃO MARANHENSE TRANSMISSORA DE ENERGIA S.A;500,0;500 kV;EPE — Base Existente;2026-10-07
2146;LT 230 kV Joinville - Joinville Sul, C1;ELETROSUL - ELETROSUL Centrais Elétricas S.A.;230,0;230 kV;EPE — Base Existente;2026-10-07
2147;LT 230 kV Anhanguera - Scala III, C2;CTEEP - Companhia de Transmissão de Energia Elétrica Paulista;230,0;230 kV;EPE — Base Existente;2026-10-07
2148;LT 525 kV Itajaí 2 - Joinville Sul, C1;Não informado;525,0;525 kV;EPE — Base Existente;2026-10-07
2149;LT 525 kV Capivari do Sul - Guaíba 3, C1;Não informado;525,0;525 kV;EPE — Base Existente;2026-10-07
2150;LT 230 kV Mauriti II - Bom Nome, C1;CHESF - CHESF - Companhia Hidro Elétrica do São Francisco;230,0;230 kV;EPE — Base Existente;2026-10-07
2151;LT 230 kV Joinville Norte - Joinville Sul, C1;ELETROSUL - ELETROSUL Centrais Elétricas S.A.;230,0;230 kV;EPE — Base Existente;2026-10-07
2152;LT 230 kV Umari - Riachão II, C1;Não informado;230,0;230 kV;EPE — Base Existente;2026-10-07
2153;LT 230 kV Barreiras - Barreiras II, C2;SPEDRO - SAO PEDRO TRANSMISSORA DE ENERGIA S/A;230,0;230 kV;EPE — Base Existente;2026-10-07
2154;LT 500 kV Jaíba - Janaúba 6, C2;Não informado;500,0;500 kV;EPE — Base Existente;2026-10-07
2155;LT 500 kV Jaíba - Janaúba 6, C1;Não informado;500,0;500 kV;EPE — Base Existente;2026-10-07
2156;LT 345 kV Viana - Viana 2, C3;Não informado;345,0;345 kV;EPE — Base Existente;2026-10-07
2157;LT 500 kV Morro do Chapéu II - Poções III, C2;Não informado;500,0;500 kV;EPE — Base Existente;2026-10-07
2158;LT 500 kV Morro do Chapéu II - Poções III, C2;Não informado;500,0;500 kV;EPE — Base Existente;2026-10-07
2159;LT 500 kV Paracatu 4 - Nova Ponte 3, C2;Não informado;500,0;500 kV;EPE — Base Existente;2026-10-07
2160;LT 500 kV Paracatu 4 - Nova Ponte 3, C1;Não informado;500,0;500 kV;EPE — Base Existente;2026-10-07
2161;LT 230 kV Ribeiro Gonçalves - Balsas, C2;Não informado;230,0;230 kV;EPE — Base Existente;2026-10-07
2162;LT 500 kV Nova Ponte 3 - Araraquara 2, C2;Não informado;500,0;500 kV;EPE — Base Existente;2026-10-07
2163;LT 500 kV Nova Ponte 3 - Araraquara 2, C1;Não informado;500,0;500 kV;EPE — Base Existente;2026-10-07
2164;LT 230 kV Açailândia - Dom Eliseu II, C2;Não informado;230,0;230 kV;EPE — Base Existente;2026-10-07
2165;LT 230 kV Açailândia - Dom Eliseu II, C1;Não informado;230,0;230 kV;EPE — Base Existente;2026-10-07
2166;LT 500 kV Terminal Rio - Lagos, C1 e C2 (CD);Não informado;500,0;500 kV;EPE — Base Existente;2026-10-07
2167;LT 500 kV Terminal Rio - Lagos, C1 e C2 (CD);Não informado;500,0;500 kV;EPE — Base Existente;2026-10-07
2168;LT 500 kV Capelinha 3 - Governador Valadares 6, C1;Não informado;500,0;500 kV;EPE — Base Existente;2026-10-07
2169;LT 500 kV Janaúba 6 - Capelinha 3, C1;Não informado;500,0;500 kV;EPE — Base Existente;2026-10-07
2170;LT 500 kV Capelinha 3 - Governador Valadares 6, C2;Não informado;500,0;500 kV;EPE — Base Existente;2026-10-07
2171;LT 500 kV Janaúba 6 - Capelinha 3, C2;Não informado;500,0;500 kV;EPE — Base Existente;2026-10-07
2172;LT 525 kV Bateias - Curitiba Leste, C1 e C2 (CD);Não informado;525,0;525 kV;EPE — Base Existente;2026-10-07
2173;LT 525 kV Bateias - Curitiba Leste, C1 e C2 (CD);Não informado;525,0;525 kV;EPE — Base Existente;2026-10-07
2174;LT 500 kV João Neiva 2 - Viana 2, C1;Não informado;500,0;500 kV;EPE — Base Existente;2026-10-07
2175;LT 230 kV Itararé II - Capão Bonito, C1;Não informado;230,0;230 kV;EPE — Base Existente;2026-10-07
2176;LT 500 kV Jaguara - Estreito, C2;Não informado;500,0;500 kV;EPE — Base Existente;2026-10-07
2177;LT 230 kV Encruzo Novo - Santa Luzia III, C1;Não informado;230,0;230 kV;EPE — Base Existente;2026-10-07
2178;LT 500 kV Assis - Ponta Grossa, C1;Não informado;500,0;500 kV;EPE — Base Existente;2026-10-07
2179;LT 500 kV Assis - Ponta Grossa, C2;Não informado;500,0;500 kV;EPE — Base Existente;2026-10-07
2180;LT 500 kV Xingó - Camaçari II, C1;Não informado;500,0;500 kV;EPE — Base Existente;2026-10-07
2181;LT 500 kV Xingó - Camaçari II, C2;Não informado;500,0;500 kV;EPE — Base Existente;2026-10-07
2182;LT 500 kV Presidente Juscelino - Vespasiano 2, C2;Não informado;500,0;500 kV;EPE — Base Existente;2026-10-07
2183;LT 500 kV Presidente Juscelino - Vespasiano 2, C1;Não informado;500,0;500 kV;EPE — Base Existente;2026-10-07
2184;LT 230 kV Ceará-Mirim II - Touros, C1;CHESF - CHESF - Companhia Hidro Elétrica do São Francisco;230,0;230 kV;EPE — Base Existente;2026-10-07
2185;LT 500 kV Jurupari - Oriximiná, C1;MACAPA TRA - LINHAS DE MACAPÁ TRANSMISSORA DE ENERGIA SA;500,0;500 kV;EPE — Base Existente;2026-10-07
2186;LT 230 kV Abunã - Rio Branco I, C1;ELETRONORTE - Centrais Elétricas do Norte do Brasil S/A;230,0;230 kV;EPE — Base Existente;2026-10-07
2187;LT 500 kV Jurupari - Oriximiná, C2;MACAPA TRA - LINHAS DE MACAPÁ TRANSMISSORA DE ENERGIA SA;500,0;500 kV;EPE — Base Existente;2026-10-07
2188;LT 500 kV Poções III - Sapeaçu, C1;TROPICÁLIA - TROPICÁLIA TRANSMISSORA DE ENERGIA S A;500,0;500 kV;EPE — Base Existente;2026-10-07
2189;LT 230 kV Tomé-Açu - Vila do Conde, C2;ETEPA - ETEPA - EMPRESA TRANSMISSORA DE ENERGIA DO PARA S.A.;230,0;230 kV;EPE — Base Existente;2026-10-07
